,General Status,Female,Position.on.Same.Sex.Marriage,SinglePayer,Partisan Lean,total_runners_house,Education_Bachelor's Degree,Education_Master's Degree (includes MBA),Education_No Education Information Listed,Marital.Status_Married,Marital.Status_No information,Position.on.Affordable.Care.Act..ObamaCare._Candidate provides complicated/complex/unclear position,Position.on.Minimum.Wage_Candidate provides no information,Position.on.Minimum.Wage_Candidate supports raising the minimum wage,Position.on.Federal.Taxes_Candidate provides no information,Position.on.Federal.Taxes_Candidate supports raising taxes on the wealthy/corporations,Position.on.Business.Regulations_Candidate provides no information,Position.on.Social.Security_Candidate provides no information,Position.on.Social.Security_Candidate supports protecting the status quo Social Security system,Position.on.Gun.Control_Candidate provides no information,Position.on.Gun.Control_Candidate supports gun control measures,Position.on.Immigration_Candidate provides no information,Position.on.Immigration_Candidate supports comprehensive immigration reform (including a path to citizenship for illegal immigrants),Position.on.Abortion_Candidate identifies with the pro-choice position (i.e. supports abortion rights),Position.on.Abortion_Candidate provides no information,Position.on.Criminal.Justice.Reform_Candidate provides no information,Position.on.Criminal.Justice.Reform_Candidate supports major criminal justice reform,Position.on.Federal.K.12.Education.Policy_Candidate provides complicated/complex/unclear position,Position.on.Federal.K.12.Education.Policy_Candidate provides no information,Position.on.Federal.K.12.Education.Policy_Candidate supports federal proposals for major education reform (including common core),Position.on.Climate.Change_Candidate provides no information,Position.on.Climate.Change_Candidate supports regulations and measures to combat climate change,Position.on.Campaign.Finance.Reform_Candidate provides no information,"Position.on.Campaign.Finance.Reform_Candidate supports reforming campaign finance (""overturning Citizens United,"" ""no more SuperPACs,"" etc.)",Position.on.Legalization.Decriminalization.of.Marijuana.Policy_Candidate provides no information,Position.on.Legalization.Decriminalization.of.Marijuana.Policy_Candidate supports legalization/decriminalization of marijuana,Position.on.Defense.Spending_Candidate provides no information,Party.Category_Establishment Democrat,Party.Category_Progressive Democrat,Trump.Mention_NEGATIVE MENTION,Trump.Mention_NO MENTION,Obama.Mention_NO MENTION,total_runners_brookings_2.0,Race_0.0,Race_1.0,STEM?_1.0,Party Support?_0,Emily Endorsed?_0,Emily Endorsed?_1,Guns Sense Candidate?_0,Guns Sense Candidate?_1,Guns Sense Candidate?_No,Our Revolution Endorsed?_0,Our Revolution Endorsed?_1,Justice Dems Endorsed?_0,Justice Dems Endorsed?_1
0,0,0.0,0,0,-30.68,2,0,0,0,1,0,0,1,0,1,0,1,1,0,1,0,1,0,1,0,0,1,0,0,1,0,1,1,0,0,1,1,1,0,0,1,1,1,1,0,0,1,1,0,1,0,0,1,0,1,0
1,1,1.0,0,0,-30.68,2,0,1,0,1,0,1,1,0,1,0,1,1,0,0,1,1,0,1,0,1,0,0,1,0,1,0,1,0,1,0,1,1,0,0,1,1,1,1,0,1,1,1,0,1,0,0,1,0,1,0
2,0,0.0,0,1,-33.080002,2,0,0,1,0,0,1,0,1,1,0,1,0,1,0,1,0,1,1,0,0,1,0,0,1,0,1,1,0,1,0,1,0,1,1,0,1,1,1,0,1,1,1,0,1,0,0,1,0,1,0
3,1,0.0,0,1,-33.080002,2,0,1,0,1,0,1,1,0,0,1,1,0,0,1,0,1,0,0,0,0,1,0,0,1,1,0,1,0,1,0,0,0,1,0,1,1,1,0,1,1,1,1,0,1,0,0,1,0,1,0
4,0,0.0,0,0,-33.66,2,0,0,0,0,1,0,1,0,1,0,1,1,0,1,0,1,0,0,1,1,0,0,0,1,1,0,1,0,1,0,1,0,0,0,1,1,1,1,0,0,1,1,0,0,1,0,1,0,1,0
5,1,0.0,1,0,-33.66,2,0,0,1,0,1,1,1,0,1,0,0,1,0,0,1,1,0,0,1,1,0,0,0,1,1,0,0,1,1,0,1,1,0,0,1,1,1,0,1,1,1,1,0,0,1,0,1,0,1,0
6,0,1.0,0,0,-62.48,2,0,1,0,1,0,1,1,0,1,0,1,1,0,1,0,1,0,0,1,1,0,0,1,0,1,0,1,0,1,0,1,1,0,0,1,1,1,0,1,1,1,1,0,0,0,1,1,0,1,0
7,1,1.0,0,0,-62.48,2,1,0,0,0,1,0,0,1,1,0,1,1,0,0,1,1,0,0,1,0,1,0,0,1,1,0,0,1,1,0,1,1,0,0,0,1,1,0,1,1,1,1,0,0,1,0,1,0,1,0
8,0,1.0,1,1,-13.51,4,1,0,0,1,0,1,0,1,0,1,1,0,1,0,1,0,1,0,0,1,0,0,0,1,0,1,0,1,1,0,1,0,1,1,0,0,0,0,1,1,0,1,0,0,0,1,1,0,1,0
9,0,1.0,0,1,-13.51,4,0,1,0,0,1,1,0,1,0,0,1,1,0,1,0,1,0,0,1,1,0,1,0,0,1,0,1,0,1,0,1,0,1,1,0,1,0,1,0,1,0,1,0,0,0,1,1,0,1,0
10,0,0.0,1,0,-13.51,4,0,1,0,1,0,0,0,1,1,0,1,0,1,0,1,0,1,1,0,1,0,0,0,1,0,1,1,0,1,0,1,1,0,0,1,1,0,0,1,1,0,1,0,0,1,0,1,0,1,0
11,1,1.0,1,0,-13.51,4,0,0,0,1,0,1,1,0,0,0,1,0,1,0,1,1,0,0,1,1,0,1,0,0,1,0,0,1,1,0,1,1,0,0,1,1,0,0,1,1,0,1,0,0,1,0,1,0,1,0
12,0,0.0,0,1,-21.379999,4,0,0,0,1,0,1,0,1,0,1,1,1,0,0,1,0,1,0,1,1,0,0,0,1,0,1,0,1,0,1,1,1,0,1,0,0,0,0,1,1,1,1,0,1,0,0,0,1,0,1
13,0,0.0,1,1,-21.379999,4,0,1,0,0,0,1,1,0,1,0,0,1,0,1,0,0,1,1,0,0,1,0,0,1,0,1,0,1,1,0,1,1,0,1,0,0,0,0,1,1,1,1,0,1,0,0,0,1,0,1
14,0,1.0,0,0,-21.379999,4,0,0,1,0,1,0,1,0,1,0,1,1,0,1,0,1,0,0,1,1,0,0,1,0,1,0,1,0,1,0,1,0,0,0,1,1,0,0,1,1,1,1,0,1,0,0,0,1,0,1
15,1,0.0,0,1,-21.379999,4,0,1,0,0,1,1,0,1,0,1,1,0,1,0,1,1,0,1,0,1,0,0,0,1,0,1,1,0,1,0,1,1,0,1,0,1,0,0,1,1,1,1,0,1,0,0,0,0,0,0
16,0,0.0,0,0,-18.16,4,0,0,0,1,0,0,1,0,0,1,0,0,1,0,1,0,1,0,1,1,0,0,0,1,0,1,1,0,1,0,0,1,0,1,0,0,0,0,1,1,1,1,0,0,1,0,0,1,0,1
17,0,1.0,1,1,-18.16,4,0,0,1,0,1,1,0,1,1,0,1,1,0,0,1,0,1,1,0,1,0,0,1,0,0,1,0,1,0,1,0,0,1,1,0,0,0,0,1,1,1,1,0,0,0,1,0,1,0,1
18,0,0.0,1,1,-18.16,4,0,0,1,0,0,1,1,0,1,0,1,1,0,0,1,0,1,1,0,0,1,0,0,1,0,1,0,1,1,0,1,0,1,1,0,1,0,1,0,0,1,1,0,0,1,0,0,0,0,0
19,1,0.0,1,0,-18.16,4,0,1,0,0,1,0,1,0,0,0,0,0,1,0,1,0,1,1,0,1,0,0,0,1,0,1,1,0,1,0,1,0,1,1,0,0,0,0,1,1,1,1,0,0,1,0,0,1,0,1
20,0,0.0,1,1,-17.33,3,1,0,0,0,1,1,0,1,0,0,1,0,1,0,1,0,1,0,1,0,1,0,0,1,0,1,1,0,1,0,0,0,1,1,0,1,0,0,1,0,1,1,0,1,0,0,1,0,1,0
21,0,1.0,0,0,-17.33,3,0,0,1,0,1,0,1,0,1,0,1,1,0,1,0,1,0,0,1,1,0,0,1,0,1,0,1,0,1,0,1,0,0,0,1,1,0,0,1,1,1,1,0,1,0,0,1,0,1,0
22,0,0.0,0,0,-17.33,3,0,0,0,0,1,0,1,0,1,0,1,0,1,0,1,0,1,0,1,1,0,0,1,0,0,1,1,0,1,0,1,1,0,0,1,1,0,1,0,1,1,1,0,1,0,0,1,0,1,0
23,0,1.0,1,1,0.62,6,0,0,0,0,1,1,0,1,0,1,1,0,1,0,1,0,1,1,0,0,1,0,0,1,0,1,0,1,0,1,0,0,1,0,1,0,0,0,1,0,0,0,1,0,0,1,0,1,0,1
24,0,0.0,1,1,0.62,6,1,0,0,1,0,1,1,0,0,1,1,0,1,0,1,0,1,1,0,1,0,0,0,1,0,1,1,0,1,0,1,1,0,1,0,1,0,0,1,0,0,0,1,0,0,1,0,1,0,1
25,0,0.0,1,0,0.62,6,0,0,1,0,1,0,1,0,1,0,1,1,0,1,0,1,0,1,0,0,1,0,0,1,1,0,0,1,1,0,1,0,1,0,1,1,0,0,1,0,0,0,1,0,0,1,0,0,0,0
26,0,0.0,0,1,0.62,6,1,0,0,0,1,1,1,0,0,1,1,0,1,0,1,0,1,0,1,1,0,0,0,1,1,0,1,0,1,0,1,0,1,1,0,1,0,1,0,1,0,0,0,0,1,0,0,1,0,1
27,0,1.0,0,1,0.62,6,0,0,1,1,0,1,1,0,0,1,0,0,1,1,0,0,1,1,0,1,0,0,1,0,1,0,1,0,1,0,1,1,0,0,1,1,0,0,1,1,0,0,1,0,0,1,0,1,0,1
28,1,1.0,0,1,0.62,6,0,1,0,0,0,1,1,0,0,1,1,1,0,0,1,0,1,1,0,1,0,0,0,1,0,1,0,1,1,0,1,1,0,1,0,1,0,0,1,0,0,0,1,0,1,0,0,1,0,1
29,0,1.0,0,1,-13.41,3,0,0,1,1,0,1,1,0,0,1,1,1,0,0,1,0,1,0,1,1,0,0,1,0,0,1,1,0,1,0,1,1,0,1,0,1,0,1,0,1,1,1,0,1,0,0,1,0,1,0
30,0,1.0,1,1,-13.41,3,1,0,0,0,1,1,0,1,0,1,1,1,0,1,0,0,1,1,0,0,1,0,0,1,0,1,1,0,1,0,1,1,0,1,0,1,0,1,0,0,1,1,0,1,0,0,1,0,1,0
31,1,1.0,1,0,-13.41,3,0,0,0,1,0,1,1,0,0,1,1,0,1,0,1,0,0,1,0,0,1,1,0,0,0,1,0,1,1,0,1,1,0,1,0,1,0,1,0,1,1,1,0,1,0,0,1,0,1,0
32,0,0.0,0,1,-25.379999,4,0,1,0,1,0,1,0,1,0,1,1,1,0,1,0,0,1,0,1,1,0,0,1,0,0,1,1,0,1,0,1,0,1,1,0,1,0,0,1,1,1,1,0,1,0,0,1,0,1,0
33,0,1.0,0,0,-25.379999,4,0,0,0,0,1,0,1,0,1,0,1,1,0,1,0,0,0,0,1,1,0,0,1,0,1,0,1,0,1,0,1,1,0,0,1,1,0,1,0,1,1,1,0,1,0,0,1,0,1,0
34,0,0.0,0,0,-25.379999,4,0,1,0,0,1,0,1,0,0,1,1,0,1,0,1,1,0,0,1,1,0,0,0,1,1,0,1,0,1,0,1,1,0,0,1,1,0,1,0,1,1,1,0,1,0,0,1,0,1,0
35,1,0.0,0,0,-25.379999,4,0,1,0,1,0,1,0,1,1,0,1,1,0,1,0,0,1,1,0,0,1,0,0,1,0,1,1,0,1,0,1,1,0,1,0,1,0,1,0,1,1,1,0,1,0,0,1,0,1,0
36,0,1.0,1,1,2.02,4,0,0,0,1,0,1,0,1,0,1,1,0,1,0,1,0,1,1,0,1,0,0,0,1,0,1,0,1,1,0,1,0,1,1,0,1,0,0,1,1,0,0,1,0,1,0,0,1,0,0
37,0,0.0,1,1,2.02,4,0,0,1,1,0,1,0,1,0,1,1,1,0,0,1,0,1,1,0,1,0,0,0,1,0,1,1,0,0,1,1,0,1,1,0,0,0,0,1,0,0,0,1,0,1,0,0,0,0,1
38,0,0.0,1,1,2.02,4,0,1,0,0,1,1,0,1,0,1,1,0,1,0,1,0,1,1,0,0,1,0,0,1,1,0,1,0,0,1,1,1,0,0,1,1,0,0,1,1,0,0,1,1,0,0,0,1,0,1
39,1,0.0,1,1,2.02,4,0,1,0,1,0,1,1,0,0,1,0,0,1,0,1,0,1,1,0,0,1,0,0,1,0,1,0,1,1,0,1,0,1,0,1,1,0,0,1,1,0,0,0,0,1,0,0,1,0,1
40,0,1.0,1,1,2.99,6,0,1,0,1,0,1,0,1,0,1,1,0,1,0,1,0,1,1,0,1,0,1,0,0,0,1,0,1,1,0,1,0,1,1,0,0,0,0,1,1,0,0,1,0,1,0,0,0,1,0
41,0,1.0,1,1,2.99,6,0,0,0,0,1,1,0,1,0,1,1,0,1,0,1,0,1,1,0,1,0,0,1,0,0,1,0,1,1,0,1,0,1,1,0,0,0,1,0,1,0,0,1,0,1,0,0,1,1,0
42,0,1.0,1,0,2.99,6,0,0,0,0,1,1,1,0,1,0,1,1,0,0,1,0,1,0,0,1,0,0,1,0,1,0,1,0,1,0,1,0,0,1,0,1,0,1,0,0,0,0,1,0,0,1,0,1,1,0
43,0,0.0,0,0,2.99,6,0,0,0,0,1,1,1,0,1,0,1,1,0,0,1,0,1,1,0,1,0,0,0,1,1,0,1,0,1,0,1,0,1,1,0,1,0,1,0,0,0,0,0,0,1,0,0,1,1,0
44,0,0.0,0,0,2.99,6,0,0,1,0,0,0,1,0,1,0,1,0,1,0,1,0,1,0,1,1,0,0,1,0,1,0,1,0,1,0,1,0,0,0,1,1,0,1,0,1,0,0,1,0,0,1,0,1,1,0
45,1,1.0,1,1,2.99,6,0,1,0,1,0,1,0,1,0,1,1,0,1,0,1,0,1,1,0,1,0,0,0,1,0,1,0,1,1,0,1,0,1,1,0,0,0,1,0,1,0,0,1,0,1,0,0,1,1,0
46,0,1.0,1,1,-15.31,2,0,0,0,1,0,1,1,0,0,0,1,1,0,0,1,0,1,0,1,1,0,0,0,1,0,1,1,0,0,1,1,0,1,1,0,0,1,1,0,1,1,1,0,0,0,1,1,0,1,0
47,1,0.0,1,1,-15.31,2,0,0,1,1,0,1,1,0,1,0,1,1,0,0,1,0,1,1,0,0,1,0,0,1,0,1,0,1,1,0,1,0,1,0,1,1,1,0,1,1,1,1,0,0,1,0,1,0,1,0
48,0,1.0,1,1,-1.4299999,4,0,0,0,1,0,1,1,0,0,1,1,0,1,0,1,0,1,1,0,0,1,0,0,1,0,1,0,1,1,0,0,1,0,1,0,0,0,1,0,1,0,0,1,0,1,0,0,1,1,0
49,0,1.0,1,1,-1.4299999,4,0,0,0,0,1,1,0,1,0,0,1,0,1,0,1,0,1,1,0,0,1,0,0,1,0,1,0,1,1,0,1,0,1,1,0,1,0,1,0,1,0,0,1,0,1,0,0,0,1,0
50,0,1.0,1,1,-1.4299999,4,1,0,0,1,0,1,0,1,0,1,0,0,1,0,1,0,1,1,0,0,1,0,0,1,0,1,1,0,1,0,1,0,1,1,0,0,0,0,1,0,0,0,1,0,1,0,0,1,1,0
51,1,0.0,1,1,-1.4299999,4,0,0,0,0,1,1,1,0,0,1,1,0,1,0,1,0,1,1,0,1,0,0,0,1,1,0,0,1,1,0,1,0,1,1,0,1,0,0,1,1,0,0,0,0,1,0,0,0,1,0
52,0,1.0,1,1,-4.1799998,8,0,0,0,1,0,1,0,1,0,0,1,0,1,0,1,0,1,1,0,0,1,0,0,1,0,1,0,1,0,1,1,1,0,1,0,0,0,0,1,0,0,0,1,0,1,0,1,0,0,1
53,0,1.0,0,1,-4.1799998,8,1,0,0,1,0,1,0,1,0,1,1,0,1,0,1,0,1,1,0,0,1,0,1,0,0,1,1,0,1,0,1,0,1,1,0,0,0,0,1,0,0,0,1,0,0,1,1,0,0,1
54,0,1.0,1,0,-4.1799998,8,0,0,0,0,1,1,1,0,0,1,1,1,0,0,1,0,1,1,0,0,1,0,0,1,0,1,1,0,0,1,0,1,0,0,1,0,0,1,0,0,0,0,1,0,1,0,1,0,0,1
55,0,0.0,1,1,-4.1799998,8,0,1,0,1,0,1,0,1,0,1,0,0,1,0,1,0,1,1,0,0,1,0,0,1,0,1,0,1,1,0,0,0,1,1,0,0,0,0,1,0,0,0,1,0,0,1,1,0,0,0
56,0,1.0,1,0,-4.1799998,8,0,1,0,0,1,1,0,1,0,0,1,1,0,0,1,0,1,1,0,1,0,0,0,1,0,1,0,1,1,0,1,0,1,1,0,0,0,0,1,1,0,0,1,0,0,1,1,0,0,1
57,0,0.0,0,0,-4.1799998,8,1,0,0,0,1,0,1,0,1,0,1,1,0,1,0,1,0,1,0,1,0,0,1,0,1,0,1,0,1,0,1,0,0,0,1,1,0,0,1,0,0,0,0,0,0,1,1,0,0,1
58,0,0.0,0,0,-4.1799998,8,0,0,1,0,1,0,1,0,1,0,1,1,0,1,0,1,0,0,1,1,0,0,1,0,1,0,1,0,1,0,1,0,0,0,1,1,0,0,1,1,0,0,1,0,0,1,1,0,0,1
59,1,1.0,1,1,-4.1799998,8,0,0,0,1,0,1,1,0,0,1,0,0,1,0,1,0,1,1,0,0,1,0,0,1,0,1,0,1,1,0,1,0,1,1,0,0,0,0,1,1,0,0,1,0,1,0,1,0,0,1
60,0,1.0,1,1,1.42,4,0,0,0,0,0,1,0,1,0,1,1,0,1,0,1,0,1,1,0,0,1,1,0,0,0,1,0,1,0,0,1,0,1,1,0,0,0,0,1,1,0,0,1,1,0,0,1,0,0,0
61,0,0.0,1,1,1.42,4,0,1,0,0,1,1,0,1,0,1,0,0,1,0,1,0,1,1,0,0,1,0,0,1,0,1,0,1,0,1,1,1,0,1,0,0,0,0,1,1,0,0,0,1,0,0,1,0,0,1
62,0,1.0,1,1,1.42,4,1,0,0,0,1,1,0,1,0,0,1,1,0,0,1,0,1,1,0,1,0,0,0,1,0,1,1,0,1,0,1,1,0,1,0,1,0,0,1,1,0,0,1,1,0,0,1,0,0,1
63,1,1.0,1,1,1.42,4,0,0,0,1,0,1,0,1,0,1,1,0,1,0,1,0,1,1,0,1,0,0,0,1,0,1,0,1,1,0,1,0,1,1,0,0,0,0,1,1,0,0,1,1,0,0,1,0,0,1
64,0,1.0,1,1,-19.48,3,0,0,1,1,0,1,0,1,0,1,1,0,1,0,1,0,1,1,0,0,1,0,0,1,0,1,0,1,1,0,0,0,1,1,0,0,0,0,1,1,1,1,0,1,0,0,1,0,0,1
65,0,1.0,0,0,-19.48,3,1,0,0,0,1,1,1,0,0,1,1,1,0,1,0,0,1,0,1,1,0,1,0,0,0,1,0,1,1,0,0,1,0,1,0,1,0,0,1,1,1,1,0,1,0,0,1,0,0,1
66,1,1.0,1,1,-19.48,3,1,0,0,0,1,1,1,0,0,1,1,1,0,0,1,0,1,1,0,1,0,0,0,1,0,1,0,1,0,1,1,0,1,1,0,0,0,1,0,1,1,1,0,1,0,0,1,0,0,0
67,0,1.0,1,1,18.040001,2,0,1,0,1,0,1,1,0,0,1,0,1,0,0,1,0,1,1,0,1,0,0,1,0,0,1,0,1,1,0,0,0,1,1,0,0,1,1,0,1,1,1,0,1,0,0,1,0,1,0
68,1,1.0,1,1,18.040001,2,0,0,0,1,0,1,0,1,1,0,1,1,0,0,1,0,1,1,0,1,0,0,0,1,0,1,0,1,1,0,1,0,1,1,0,0,1,1,0,1,1,1,0,1,0,0,1,0,1,0
69,0,1.0,0,1,-13.03,3,0,1,0,0,1,1,0,1,0,0,0,1,0,1,0,0,1,0,1,0,0,0,1,0,0,1,0,1,1,0,0,0,1,1,0,0,0,0,1,1,1,0,1,1,0,0,1,0,1,0
70,0,1.0,0,0,-13.03,3,0,0,0,1,0,1,1,0,0,1,1,1,0,0,1,0,1,1,0,1,0,0,0,1,0,1,1,0,1,0,1,0,1,1,0,1,0,0,1,1,1,0,1,1,0,0,1,0,1,0
71,1,0.0,1,1,-13.03,3,0,0,0,1,0,1,0,1,0,1,1,1,0,0,1,0,1,1,0,1,0,0,0,1,0,1,0,1,0,1,1,0,1,1,0,1,0,0,1,1,1,0,0,1,0,0,1,0,1,0
72,0,1.0,0,1,-24.68,2,0,0,0,1,0,1,1,0,1,0,1,1,0,0,1,1,0,0,1,1,0,1,0,0,0,1,1,0,1,0,0,1,0,1,0,1,1,0,1,0,1,1,0,1,0,0,1,0,1,0
73,1,0.0,1,0,-24.68,2,0,0,0,1,0,1,1,0,1,0,1,0,1,0,1,0,1,1,0,1,0,0,0,1,0,1,0,1,1,0,1,1,0,1,0,1,1,0,1,0,1,1,0,1,0,0,1,0,1,0
74,0,1.0,1,1,5.4200001,2,0,0,0,0,1,1,0,1,0,1,0,0,1,0,1,0,1,1,0,0,1,0,0,1,0,1,0,1,1,0,1,0,1,1,0,0,1,0,1,0,0,1,0,1,0,0,0,0,1,0
75,1,1.0,1,0,5.4200001,2,0,0,0,1,0,1,0,1,0,0,0,0,1,0,1,0,1,1,0,0,1,0,0,1,0,1,0,1,0,1,0,0,1,1,0,0,1,0,1,1,0,1,0,1,0,0,0,1,1,0
76,0,0.0,0,1,-17.379999,2,1,0,0,1,0,1,1,0,0,1,1,0,1,0,1,0,1,0,1,1,0,1,0,0,1,0,1,0,0,0,1,0,1,1,0,0,1,1,0,1,1,1,0,1,0,0,1,0,0,1
77,1,0.0,1,1,-17.379999,2,1,0,0,1,0,1,0,1,0,1,0,1,0,0,1,0,1,1,0,0,1,1,0,0,0,1,0,1,0,1,1,0,1,0,1,1,1,0,1,1,1,1,0,1,0,0,0,0,0,0
78,0,1.0,0,1,-34.380001,2,0,0,1,1,0,1,1,0,1,0,1,1,0,0,1,1,0,0,1,1,0,0,0,1,0,1,1,0,1,0,0,0,1,1,0,1,1,0,1,1,1,1,0,1,0,0,1,0,1,0
79,1,1.0,1,1,-34.380001,2,1,0,0,1,0,1,0,1,0,1,1,1,0,0,1,1,0,0,1,0,1,0,0,1,0,1,1,0,1,0,0,0,1,0,1,1,1,0,1,1,1,1,0,1,0,0,1,0,1,0
80,0,1.0,1,1,-9.4799995,4,1,0,0,0,0,1,1,0,1,0,0,1,0,0,1,0,1,1,0,0,1,0,1,0,0,1,0,1,0,1,0,0,1,1,0,1,1,0,1,1,1,0,1,0,0,1,1,0,1,0
81,0,1.0,1,0,-9.4799995,4,0,0,1,1,0,0,1,0,1,0,1,0,1,0,1,0,1,1,0,0,1,0,0,1,0,1,1,0,1,0,1,1,0,1,0,1,1,0,1,1,1,0,1,0,0,1,1,0,1,0
82,0,1.0,0,0,-12.73,6,0,0,0,1,0,1,0,1,0,1,0,1,0,0,1,0,1,0,1,1,0,0,1,0,0,1,0,1,1,0,0,1,0,1,0,0,0,0,1,1,1,0,1,1,0,0,0,1,1,0
83,0,0.0,0,1,-12.73,6,1,0,0,1,0,1,0,1,0,1,1,0,1,1,0,0,1,1,0,0,1,0,0,1,0,1,1,0,1,0,0,0,1,1,0,1,0,0,1,1,1,0,1,1,0,0,0,0,1,0
84,0,1.0,1,0,-12.73,6,0,0,0,1,0,1,0,1,0,1,1,1,0,0,1,0,1,1,0,0,1,0,1,0,0,1,1,0,1,0,1,1,0,1,0,1,0,1,0,1,1,0,1,1,0,0,0,1,1,0
85,0,0.0,0,0,-12.73,6,0,1,0,1,0,1,0,0,1,0,1,1,0,1,0,1,0,0,1,1,0,0,0,1,1,0,1,0,1,0,1,1,0,0,1,1,0,1,0,1,1,0,1,1,0,0,0,1,1,0
86,0,1.0,0,1,-60.810001,2,0,0,0,0,1,1,1,0,0,1,1,0,1,0,1,0,1,1,0,0,1,0,1,0,0,1,0,1,1,0,1,0,1,1,0,1,1,0,1,1,1,1,0,1,0,0,0,1,1,0
87,1,1.0,0,0,-60.810001,2,0,1,0,1,0,1,1,0,0,1,1,0,1,1,0,1,0,1,0,1,0,1,0,0,1,0,0,1,0,1,0,1,0,1,0,1,1,0,1,1,1,1,0,1,0,0,0,0,1,0
88,0,1.0,1,1,-28.209999,3,0,0,1,1,0,1,0,1,0,1,1,1,0,1,0,0,1,1,0,0,1,0,0,1,0,1,0,1,1,0,1,0,1,1,0,1,0,0,1,1,1,1,0,1,0,0,1,0,1,0
89,0,0.0,1,1,-28.209999,3,0,1,0,1,0,1,0,1,1,0,1,1,0,0,1,0,1,0,1,0,1,1,0,0,0,1,1,0,1,0,1,0,1,1,0,1,0,0,1,1,1,1,0,1,0,0,1,0,1,0
90,1,0.0,0,0,-28.209999,3,0,0,1,0,1,1,1,0,1,0,1,1,0,0,1,1,0,0,1,1,0,0,0,1,1,0,1,0,1,0,1,0,0,0,1,1,0,0,1,0,1,1,0,1,0,0,1,0,1,0
91,0,1.0,0,0,-17.629999,3,0,0,0,0,1,0,1,0,1,0,1,1,0,1,0,1,0,0,1,1,0,0,1,0,1,0,1,0,1,0,1,0,0,0,1,1,0,0,1,1,1,1,0,1,0,0,1,0,1,0
92,0,1.0,1,1,-17.629999,3,0,0,0,1,0,1,0,1,0,1,1,1,0,0,1,0,1,1,0,0,1,0,0,1,0,1,0,1,0,1,1,0,1,0,1,1,0,0,1,1,1,1,0,1,0,0,1,0,1,0
93,1,1.0,1,0,-17.629999,3,0,0,0,1,0,1,0,1,1,0,1,0,1,0,1,0,1,1,0,0,1,0,0,1,1,0,1,0,1,0,1,0,1,0,0,1,0,1,0,1,1,1,0,1,0,0,1,0,1,0
94,0,1.0,1,0,-1.73,4,0,1,0,1,0,1,0,1,0,1,1,0,1,1,0,0,1,1,0,1,0,0,0,1,0,1,1,0,1,0,1,0,1,1,0,0,0,0,1,1,0,0,1,1,0,0,1,0,1,0
95,0,1.0,0,0,-1.73,4,0,0,1,0,1,1,0,1,0,1,1,0,1,0,1,1,0,1,0,0,1,0,0,1,1,0,1,0,1,0,1,1,0,1,0,1,0,1,0,1,0,0,1,1,0,0,1,0,1,0
96,0,0.0,1,1,-1.73,4,1,0,0,1,0,1,0,1,1,0,1,1,0,1,0,1,0,0,1,0,1,0,1,0,1,0,0,1,0,1,1,1,0,0,1,1,0,0,1,0,0,0,1,1,0,0,1,0,0,0
97,1,0.0,0,1,-1.73,4,1,0,0,0,1,1,0,1,0,1,0,0,1,1,0,1,0,1,0,1,0,0,0,1,0,1,1,0,1,0,1,0,1,1,0,0,0,0,1,1,0,0,0,1,0,0,1,0,1,0
98,0,1.0,0,1,-4.1100001,3,1,0,0,0,1,1,0,1,0,1,1,1,0,1,0,1,0,0,1,1,0,0,1,0,0,1,0,1,1,0,1,0,1,1,0,1,0,0,1,1,0,0,1,1,0,0,0,0,1,0
99,0,1.0,0,0,-4.1100001,3,1,0,0,1,0,0,0,1,0,1,1,0,1,0,1,1,0,1,0,0,1,1,0,0,0,1,1,0,1,0,1,1,0,0,0,1,0,0,1,1,0,0,1,1,0,0,0,1,1,0
100,1,0.0,1,0,-4.1100001,3,0,1,0,1,0,1,1,0,1,0,1,0,1,1,0,0,1,1,0,1,0,1,0,0,0,1,0,1,1,0,1,1,0,1,0,1,0,0,1,1,0,0,0,1,0,0,0,1,1,0
101,0,1.0,0,0,-25.110001,3,0,0,0,1,0,1,1,0,1,0,1,1,0,1,0,0,0,0,1,1,0,0,1,0,1,0,1,0,1,0,1,1,0,0,1,1,0,0,1,0,1,1,0,1,0,0,0,1,1,0
102,0,0.0,0,0,-25.110001,3,0,0,1,1,0,0,1,0,1,0,1,1,0,1,0,1,0,0,1,1,0,0,1,0,1,0,1,0,1,0,1,0,0,0,1,1,0,0,1,1,1,1,0,1,0,0,0,1,1,0
103,1,1.0,1,1,-25.110001,3,1,0,0,0,1,1,0,1,0,1,1,0,1,0,1,0,1,1,0,1,0,0,1,0,0,1,0,1,1,0,1,0,1,0,1,1,0,0,1,1,1,1,0,1,0,0,0,0,1,0
104,0,1.0,0,1,-39.43,3,0,0,1,0,1,1,0,0,0,1,1,0,1,0,1,0,1,1,0,1,0,0,0,1,1,0,0,1,1,0,1,1,0,1,0,1,0,0,1,1,1,1,0,1,0,0,1,0,1,0
105,0,1.0,0,1,-39.43,3,0,0,1,0,1,1,0,1,0,1,0,0,1,1,0,1,0,1,0,0,1,0,0,1,0,1,1,0,0,0,0,0,1,1,0,1,0,0,1,1,1,1,0,1,0,0,1,0,1,0
106,1,0.0,0,0,-39.43,3,0,1,0,0,0,0,0,1,1,0,1,1,0,1,0,0,1,0,1,1,0,0,0,1,1,0,1,0,1,0,1,1,0,0,1,0,0,1,0,1,1,1,0,1,0,0,1,0,1,0
107,0,1.0,0,0,-28.809999,2,0,0,1,0,1,0,1,0,0,1,0,1,0,0,0,0,1,0,1,1,0,0,1,0,1,0,1,0,0,1,1,0,0,1,0,0,1,0,1,1,1,1,0,1,0,0,1,0,1,0
108,1,1.0,0,0,-28.809999,2,1,0,0,1,0,1,0,1,0,1,1,0,1,1,0,0,0,0,1,1,0,0,0,1,0,0,1,0,1,0,0,0,1,0,0,1,1,0,1,1,1,1,0,1,0,0,1,0,1,0
109,0,0.0,0,1,65.089996,3,1,0,0,0,1,1,1,0,1,0,1,1,0,0,1,0,1,1,0,1,0,0,0,1,1,0,1,0,1,0,1,0,1,1,0,1,0,1,0,1,1,0,0,1,0,0,0,1,1,0
110,0,1.0,0,1,65.089996,3,1,0,0,0,1,1,1,0,0,1,1,1,0,0,0,0,1,0,1,0,1,0,0,1,1,0,1,0,1,0,1,1,0,1,0,1,0,1,0,1,1,0,1,1,0,0,0,1,1,0
111,1,1.0,0,0,65.089996,3,0,1,0,1,0,0,1,0,1,0,1,1,0,1,0,1,0,0,1,1,0,0,1,0,1,0,1,0,1,0,1,0,1,0,1,1,0,1,0,1,1,0,1,1,0,0,0,0,1,0
112,0,0.0,1,1,0.67000002,7,0,0,0,1,0,1,0,1,0,1,1,0,1,0,1,0,1,1,0,0,1,0,0,1,0,1,0,1,1,0,0,0,1,1,0,0,0,0,1,1,0,0,1,0,0,1,1,0,1,0
113,0,0.0,0,1,0.67000002,7,1,0,0,1,0,1,0,1,0,1,0,1,0,0,1,1,0,1,0,1,0,0,0,1,0,1,1,0,1,0,1,0,1,1,0,0,0,0,1,0,0,0,0,0,0,1,1,0,1,0
114,0,0.0,0,0,0.67000002,7,0,0,0,0,1,1,1,0,0,1,0,0,1,0,1,0,1,0,1,1,0,0,0,1,0,1,1,0,1,0,0,0,1,1,0,1,0,0,1,1,0,0,1,0,0,1,1,0,1,0
115,0,0.0,0,0,0.67000002,7,0,0,0,0,1,1,1,0,0,1,1,0,1,0,1,1,0,1,0,1,0,0,0,1,0,1,1,0,1,0,1,1,0,1,0,1,0,0,1,1,0,0,1,0,0,1,1,0,1,0
116,0,1.0,1,1,0.67000002,7,0,1,0,0,1,1,0,1,0,1,1,1,0,0,1,0,1,1,0,0,1,0,0,1,0,1,0,1,1,0,1,0,1,1,0,0,0,0,1,0,0,0,1,0,0,1,1,0,1,0
117,0,0.0,0,0,0.67000002,7,1,0,0,1,0,0,1,0,1,0,1,0,1,0,1,0,1,1,0,1,0,0,1,0,0,1,0,1,1,0,1,0,1,1,0,1,0,0,1,1,0,0,1,0,0,1,1,0,1,0
118,1,1.0,1,0,0.67000002,7,0,1,0,1,0,1,1,0,0,1,1,0,1,0,1,0,1,1,0,1,0,0,0,1,0,1,1,0,1,0,1,0,1,1,0,0,0,0,1,0,0,0,1,0,1,0,1,0,1,0
119,0,1.0,1,0,-13.26,2,1,0,0,1,0,1,1,0,1,0,1,1,0,0,1,0,0,1,0,0,1,0,1,0,0,1,1,0,1,0,0,1,0,0,1,1,1,0,1,1,0,1,0,1,0,0,1,0,1,0
120,1,1.0,0,0,-13.26,2,0,0,0,1,0,1,1,0,0,1,1,1,0,1,0,1,0,0,1,1,0,0,1,0,1,0,1,0,1,0,1,1,0,0,1,1,1,0,1,1,0,1,0,1,0,0,1,0,1,0
121,0,1.0,0,1,-6.73,5,0,0,0,1,0,1,0,1,0,1,1,0,1,0,1,0,1,1,0,1,0,0,1,0,0,1,0,1,1,0,1,1,0,1,0,1,0,0,1,1,0,0,1,1,0,0,1,0,0,1
122,0,1.0,1,1,-6.73,5,0,0,0,1,0,1,1,0,0,1,0,1,0,0,1,0,1,1,0,1,0,0,0,1,0,1,1,0,1,0,1,1,0,1,0,0,0,0,1,1,0,0,1,1,0,0,1,0,0,1
123,0,1.0,1,1,-6.73,5,0,0,0,1,0,1,0,1,0,1,1,1,0,0,1,0,1,1,0,0,1,0,0,1,0,1,0,1,0,1,1,1,0,1,0,1,0,0,1,0,0,0,1,1,0,0,1,0,0,0
124,0,0.0,0,0,-6.73,5,0,0,1,0,1,0,1,0,1,0,1,1,0,1,0,1,0,0,1,1,0,0,1,0,1,0,1,0,1,0,1,0,0,0,1,1,0,0,1,1,0,0,1,1,0,0,1,0,0,1
125,1,0.0,0,0,-6.73,5,1,0,0,1,0,1,1,0,0,1,1,0,1,0,1,0,1,1,0,1,0,0,1,0,0,1,1,0,1,0,1,1,0,1,0,1,0,0,1,1,0,0,0,1,0,0,1,0,0,1
126,0,1.0,1,0,-7.96,7,0,1,0,0,1,1,1,0,0,1,1,1,0,1,0,0,1,1,0,0,1,0,0,1,0,1,1,0,0,1,1,1,0,1,0,0,0,0,1,1,0,0,1,0,0,1,0,1,1,0
127,0,1.0,1,1,-7.96,7,1,0,0,1,0,1,1,0,0,1,0,0,1,0,1,1,0,1,0,0,1,1,0,0,0,1,0,1,0,1,0,0,1,1,0,0,0,0,1,1,0,0,1,0,0,1,0,0,1,0
128,0,1.0,0,0,-7.96,7,1,0,0,1,0,1,0,1,0,1,1,0,1,0,1,0,1,0,1,1,0,1,0,0,0,1,0,1,1,0,1,0,1,1,0,0,0,0,1,0,0,0,1,0,0,1,0,1,1,0
129,0,1.0,1,1,-7.96,7,0,1,0,0,1,1,1,0,0,1,1,0,1,1,0,0,1,1,0,1,0,0,0,1,0,1,1,0,1,0,1,0,1,0,0,0,0,0,1,1,0,0,1,0,0,1,0,1,1,0
130,0,1.0,0,1,-7.96,7,0,0,1,1,0,1,0,1,0,1,1,0,1,0,1,1,0,0,1,1,0,0,1,0,0,1,0,1,1,0,1,1,0,1,0,1,0,0,1,0,0,0,1,0,0,1,0,1,1,0
131,0,1.0,0,0,-7.96,7,1,0,0,0,1,0,1,0,0,0,1,0,1,0,0,1,0,0,1,1,0,0,0,0,0,1,1,0,1,0,0,0,0,0,1,1,0,0,1,1,0,0,1,0,0,1,0,1,1,0
132,1,0.0,0,0,-7.96,7,0,1,0,0,1,1,1,0,0,1,1,0,1,0,1,0,1,1,0,1,0,0,0,1,0,1,0,1,1,0,1,0,1,1,0,0,0,1,0,0,0,0,0,0,1,0,0,1,1,0
133,0,1.0,1,1,-44.630001,2,1,0,0,1,0,1,0,1,0,1,0,0,1,0,1,0,1,1,0,1,0,0,0,1,0,1,0,1,0,1,1,0,1,1,0,1,1,0,1,0,1,1,0,1,0,0,1,0,1,0
134,1,1.0,1,0,-44.630001,2,0,0,1,0,1,1,0,1,0,1,1,0,1,0,1,0,1,1,0,0,1,1,0,0,0,1,1,0,0,1,0,1,0,1,0,0,1,0,1,1,1,1,0,1,0,0,1,0,1,0
135,0,0.0,0,0,-17.360001,4,1,0,0,1,0,0,1,0,1,0,1,1,0,0,1,0,1,1,0,1,0,0,0,1,0,1,0,1,0,1,1,1,0,1,0,1,0,0,1,1,1,1,0,1,0,0,0,0,1,0
136,0,1.0,1,1,-17.360001,4,0,0,0,0,1,1,1,0,0,1,1,0,1,0,1,0,1,0,1,1,0,0,0,1,0,1,0,1,1,0,0,0,1,1,0,1,0,1,0,1,1,1,0,1,0,0,0,1,1,0
137,0,0.0,0,1,-17.360001,4,1,0,0,1,0,1,1,0,0,1,1,0,1,0,1,0,1,0,1,1,0,1,0,0,0,1,1,0,1,0,1,0,1,1,0,1,0,0,1,1,1,1,0,1,0,0,0,1,1,0
138,1,0.0,0,1,-17.360001,4,0,0,0,1,0,1,1,0,0,1,1,1,0,0,1,0,1,1,0,1,0,0,0,1,0,0,1,0,1,0,1,1,0,1,0,0,0,0,1,1,1,1,0,1,0,0,0,1,1,0
139,0,1.0,0,0,-28.83,3,1,0,0,1,0,1,0,0,0,0,0,0,0,0,1,0,1,0,0,0,1,1,0,0,0,1,1,0,1,0,0,0,0,1,0,0,0,0,1,1,1,1,0,1,0,0,1,0,1,0
140,0,1.0,1,1,-28.83,3,0,1,0,1,0,1,0,1,0,1,1,0,1,0,1,0,1,0,1,0,1,0,0,1,0,1,0,1,1,0,0,1,0,0,1,1,0,0,1,1,1,1,0,1,0,0,1,0,1,0
141,1,1.0,0,0,-28.83,3,0,0,0,0,1,0,0,1,0,0,1,0,0,1,0,1,0,0,1,0,1,0,1,0,0,1,1,0,1,0,1,0,0,1,0,1,0,0,1,1,1,1,0,1,0,0,1,0,1,0
142,0,1.0,1,1,-23.43,6,0,0,1,0,1,1,1,0,0,1,1,1,0,0,1,0,1,1,0,1,0,0,1,0,0,1,1,0,0,1,0,0,0,1,0,0,0,0,1,1,1,1,0,0,0,1,1,0,1,0
143,0,0.0,1,1,-23.43,6,0,0,0,1,0,1,0,1,0,1,0,0,1,0,1,0,1,1,0,0,1,0,0,1,0,1,0,1,1,0,1,0,1,1,0,1,0,0,1,1,1,1,0,0,0,1,1,0,1,0
144,0,1.0,1,1,-23.43,6,0,0,1,0,1,1,0,1,0,0,0,0,1,0,1,0,1,1,0,0,1,0,0,1,0,1,0,1,1,0,1,0,1,1,0,1,0,1,0,0,1,1,0,0,1,0,1,0,1,0
145,0,1.0,0,0,-23.43,6,0,0,1,0,1,0,1,0,1,0,1,1,0,1,0,1,0,0,1,1,0,0,1,0,1,0,1,0,1,0,1,0,0,0,1,1,0,0,1,0,1,1,0,0,0,1,1,0,1,0
146,0,1.0,0,0,-23.43,6,0,0,1,0,1,0,1,0,1,0,1,1,0,1,0,1,0,0,1,1,0,0,1,0,1,0,1,0,1,0,1,0,0,0,1,1,0,0,1,1,1,1,0,0,0,1,1,0,1,0
147,1,1.0,1,0,-23.43,6,0,0,0,1,0,0,0,1,0,1,0,0,1,1,0,1,0,0,1,1,0,0,0,1,1,0,0,1,1,0,1,1,0,1,0,1,0,0,1,0,1,1,0,0,0,1,1,0,1,0
148,0,1.0,0,0,-35.48,3,0,0,1,0,1,0,1,0,1,0,1,1,0,1,0,1,0,0,1,1,0,0,1,0,1,0,1,0,1,0,1,0,0,0,1,1,0,0,1,1,1,1,0,1,0,0,1,0,1,0
149,0,1.0,0,0,-35.48,3,0,0,1,0,1,0,1,0,1,0,1,1,0,1,0,1,0,0,1,1,0,0,1,0,1,0,1,0,1,0,1,0,0,0,1,1,0,1,0,1,1,1,0,1,0,0,1,0,1,0
150,1,0.0,0,0,-35.48,3,1,0,0,0,1,0,1,0,0,1,0,1,0,0,1,1,0,1,0,1,0,0,0,1,0,0,1,0,0,0,1,0,1,1,0,1,0,0,1,1,1,1,0,1,0,0,1,0,1,0
151,0,0.0,0,0,-34.110001,6,0,0,1,0,1,0,0,0,0,0,0,1,0,0,1,1,0,0,1,1,0,0,1,0,1,0,0,1,1,0,1,0,1,0,1,1,0,0,1,1,1,1,0,1,0,0,1,0,1,0
152,0,1.0,0,0,-34.110001,6,0,0,1,0,1,0,1,0,1,0,1,1,0,1,0,1,0,0,1,1,0,0,1,0,1,0,1,0,1,0,1,0,0,0,1,1,0,0,1,0,1,1,0,1,0,0,1,0,1,0
153,0,1.0,0,1,-34.110001,6,0,0,1,1,0,1,1,0,0,0,0,1,0,1,0,1,0,0,1,1,0,0,0,1,1,0,1,0,1,0,1,1,0,0,1,1,0,0,1,1,1,1,0,1,0,0,1,0,1,0
154,0,1.0,0,1,-34.110001,6,1,0,0,0,0,1,1,0,0,0,0,1,0,1,0,1,0,0,1,1,0,0,1,0,0,1,1,0,1,0,1,0,1,0,1,1,0,0,1,1,1,1,0,1,0,0,1,0,1,0
155,0,1.0,0,1,-34.110001,6,1,0,0,1,0,1,0,1,0,1,1,1,0,1,0,1,0,1,0,1,0,1,0,0,0,1,1,0,0,1,1,0,1,0,1,1,0,0,1,1,1,1,0,1,0,0,1,0,1,0
156,1,0.0,0,1,-34.110001,6,0,0,1,1,0,1,1,0,1,0,1,1,0,1,0,0,1,0,1,1,0,0,0,1,0,1,0,1,0,0,0,0,1,0,1,1,0,0,1,1,1,1,0,1,0,0,1,0,1,0
157,0,1.0,0,0,-15.58,5,1,0,0,0,1,0,1,0,0,1,1,1,0,1,0,1,0,0,1,1,0,0,1,0,1,0,0,1,1,0,1,1,0,1,0,1,0,0,1,1,1,1,0,1,0,0,1,0,1,0
158,0,1.0,1,1,-15.58,5,0,0,1,1,0,1,0,1,0,1,1,1,0,1,0,1,0,1,0,1,0,0,1,0,1,0,0,0,0,1,0,0,0,0,1,1,0,0,1,1,1,1,0,1,0,0,1,0,1,0
159,0,1.0,0,0,-15.58,5,0,0,0,1,0,0,0,1,0,0,0,1,0,1,0,1,0,0,1,1,0,1,0,0,1,0,1,0,1,0,1,1,0,0,1,1,0,1,0,0,1,1,0,1,0,0,1,0,1,0
160,0,1.0,1,0,-15.58,5,0,0,0,0,1,1,1,0,0,0,1,1,0,1,0,1,0,1,0,0,1,0,1,0,0,1,1,0,1,0,1,0,0,0,1,1,0,1,0,0,1,1,0,1,0,0,1,0,1,0
161,1,0.0,0,1,-15.58,5,0,1,0,1,0,1,0,1,1,0,1,1,0,0,1,1,0,0,1,0,1,0,0,1,0,1,0,0,0,1,1,1,0,1,0,1,0,1,0,1,1,1,0,1,0,0,1,0,1,0
162,0,1.0,0,1,-38.529999,6,1,0,0,0,0,1,1,0,0,1,0,0,1,1,0,1,0,0,1,0,1,0,0,1,1,0,1,0,1,0,0,0,1,1,0,0,0,0,1,0,1,1,0,1,0,0,1,0,1,0
163,0,1.0,0,1,-38.529999,6,0,0,0,1,0,1,0,1,0,1,1,0,1,0,1,1,0,1,0,1,0,0,0,1,0,1,0,1,1,0,1,0,1,1,0,1,0,0,1,1,1,1,0,1,0,0,1,0,1,0
164,0,1.0,0,0,-38.529999,6,0,0,1,0,1,0,1,0,1,0,1,1,0,1,0,1,0,0,1,1,0,0,1,0,1,0,1,0,1,0,1,0,0,0,1,1,0,0,1,1,1,1,0,1,0,0,1,0,1,0
165,0,1.0,0,0,-38.529999,6,0,0,1,0,1,1,0,1,0,0,1,1,0,0,1,1,0,1,0,1,0,0,0,1,0,1,1,0,1,0,0,0,0,0,1,1,0,0,1,0,1,1,0,1,0,0,1,0,1,0
166,1,0.0,1,1,-38.529999,6,0,0,1,1,0,1,0,1,1,0,1,1,0,0,1,1,0,0,1,1,0,0,1,0,1,0,1,0,1,0,1,1,0,1,0,0,0,1,0,1,1,1,0,1,0,0,1,0,1,0
167,0,1.0,1,1,-26.83,3,0,0,0,0,0,1,0,1,0,1,0,0,1,0,1,0,1,1,0,0,1,0,0,1,0,1,0,1,0,1,0,0,1,1,0,0,0,0,1,1,1,0,1,1,0,0,1,0,0,1
168,0,1.0,1,1,-26.83,3,0,0,0,1,0,1,0,1,1,0,0,0,1,0,1,0,1,1,0,0,1,0,0,1,0,1,0,1,0,1,1,0,1,0,0,1,0,0,1,1,1,0,1,1,0,0,1,0,0,0
169,1,0.0,1,1,-26.83,3,0,0,0,1,0,1,0,1,1,0,0,1,0,0,1,0,1,1,0,0,1,0,0,1,0,1,0,1,0,1,1,0,1,1,0,1,0,0,1,1,1,0,0,1,0,0,1,0,0,1
170,0,1.0,1,1,-4.0100002,6,0,0,0,1,0,1,0,1,0,1,1,1,0,0,1,0,1,1,0,0,1,0,0,1,0,1,0,1,1,0,1,0,1,1,0,0,0,0,1,1,1,0,1,0,1,0,0,0,0,0
171,0,1.0,0,1,-4.0100002,6,1,0,0,1,0,1,1,0,0,1,1,1,0,0,1,0,1,1,0,1,0,1,0,0,0,1,0,1,1,0,1,0,0,1,0,1,0,0,1,0,1,0,1,0,0,1,0,1,0,1
172,0,1.0,1,0,-4.0100002,6,0,0,0,1,0,0,1,0,1,0,1,1,0,0,1,0,1,1,0,1,0,0,0,1,0,1,1,0,1,0,1,1,0,1,0,1,0,0,1,1,1,0,1,0,0,1,0,1,0,1
173,0,0.0,0,1,-4.0100002,6,0,1,0,1,0,1,0,1,1,0,0,0,1,0,1,1,0,0,1,1,0,0,1,0,0,1,1,0,1,0,1,1,0,0,1,1,0,0,1,1,1,0,1,0,0,1,0,1,0,1
174,0,1.0,1,1,-4.0100002,6,1,0,0,1,0,1,0,1,0,1,1,1,0,0,1,1,0,0,1,0,1,0,0,1,0,0,1,0,0,1,1,1,0,0,1,1,0,0,1,1,1,0,1,0,0,1,0,1,0,1
175,1,0.0,1,0,-4.0100002,6,0,0,0,0,1,0,1,0,0,1,1,1,0,0,1,0,1,1,0,1,0,0,0,1,0,1,1,0,1,0,1,1,0,1,0,0,0,1,0,1,1,0,0,0,0,1,0,1,0,1
176,0,0.0,1,0,-29.309999,2,0,1,0,0,1,0,1,0,1,0,1,0,1,1,0,0,1,1,0,1,0,1,0,0,0,1,0,1,1,0,0,1,0,0,1,1,1,0,1,1,1,1,0,0,1,0,0,1,0,1
177,0,1.0,0,0,-47.48,2,0,0,1,0,1,0,1,0,0,1,1,1,0,0,1,1,0,0,1,1,0,1,0,0,1,0,1,0,0,1,1,1,0,1,0,1,1,0,1,1,1,1,0,1,0,0,0,1,1,0
178,1,1.0,0,1,-47.48,2,0,0,1,0,1,1,1,0,1,0,1,0,1,0,0,0,1,1,0,1,0,0,1,0,0,0,1,0,0,1,1,0,1,0,1,1,1,0,1,1,1,1,0,1,0,0,0,0,1,0
179,0,1.0,0,1,-39.509998,4,0,0,1,0,1,1,1,0,0,1,0,0,1,1,0,1,0,0,1,1,0,0,1,0,1,0,1,0,0,1,1,1,0,0,1,0,0,0,1,1,1,1,0,1,0,0,0,1,1,0
180,0,1.0,0,0,-39.509998,4,0,0,1,0,1,1,1,0,1,0,1,1,0,1,0,1,0,0,1,1,0,0,1,0,1,0,0,1,1,0,1,0,1,0,1,1,0,0,1,1,1,1,0,1,0,0,0,0,1,0
181,1,1.0,0,1,-39.509998,4,0,0,0,1,0,1,0,1,0,1,1,0,1,1,0,1,0,0,1,1,0,0,1,0,0,1,1,0,0,1,1,1,0,0,1,1,0,0,1,1,1,1,0,1,0,0,0,1,1,0
182,0,0.0,0,1,-36.610001,3,1,0,0,1,0,1,0,1,0,1,1,0,1,0,1,1,0,1,0,1,0,0,0,1,1,0,0,1,1,0,1,1,0,0,1,1,0,0,1,1,1,1,0,0,1,0,1,0,1,0
183,0,0.0,0,1,-36.610001,3,1,0,0,0,0,1,0,1,0,1,0,0,1,0,1,0,1,0,1,0,1,1,0,0,0,1,0,1,1,0,1,0,1,0,1,1,0,0,1,1,1,1,0,0,0,1,1,0,1,0
184,1,1.0,1,0,-36.610001,3,0,0,1,0,1,1,0,1,0,1,1,0,1,0,1,0,1,1,0,0,1,0,0,1,0,1,0,1,1,0,1,1,0,0,1,1,0,0,1,1,1,1,0,0,0,1,1,0,1,0
185,0,1.0,0,1,-62.060001,2,0,0,1,0,1,1,0,1,0,1,1,1,0,1,0,1,0,1,0,1,0,0,0,1,1,0,0,1,0,1,1,1,0,0,1,1,1,0,1,1,1,1,0,1,0,0,1,0,1,0
186,1,1.0,0,0,-62.060001,2,0,0,0,1,0,0,1,0,0,1,1,0,0,0,0,0,1,0,0,1,0,1,0,0,1,0,1,0,1,0,0,0,0,1,0,0,1,0,1,1,1,1,0,1,0,0,1,0,1,0
187,0,1.0,0,1,-17.41,6,0,1,0,0,1,1,1,0,1,0,1,1,0,0,0,0,1,1,0,1,0,0,1,0,1,0,1,0,0,1,0,0,1,1,0,1,0,0,1,1,1,1,0,1,0,0,1,0,1,0
188,0,1.0,0,0,-17.41,6,0,0,0,0,1,1,0,1,0,1,0,1,0,0,1,0,1,1,0,0,1,0,0,1,0,1,1,0,0,1,1,0,0,0,0,0,0,0,1,1,1,1,0,1,0,0,1,0,1,0
189,0,1.0,1,1,-17.41,6,0,0,0,0,0,1,0,1,0,1,1,1,0,0,1,1,0,0,1,1,0,0,0,1,1,0,1,0,0,1,1,0,1,1,0,1,0,1,0,1,1,1,0,1,0,0,1,0,1,0
190,0,1.0,1,0,-17.41,6,0,0,1,0,1,0,0,1,0,1,1,0,1,0,1,0,1,0,1,1,0,0,0,1,1,0,0,1,0,0,1,1,0,0,1,1,0,0,1,1,1,1,0,1,0,0,1,0,1,0
191,0,1.0,0,0,-17.41,6,0,0,1,0,1,0,1,0,1,0,1,1,0,1,0,1,0,0,1,1,0,0,1,0,1,0,1,0,1,0,1,0,0,0,1,1,0,0,1,1,1,1,0,1,0,0,1,0,1,0
192,1,0.0,0,1,-17.41,6,0,1,0,1,0,1,0,1,0,1,1,1,0,0,1,0,1,1,0,1,0,0,0,1,0,1,0,1,0,1,1,1,0,1,0,0,0,0,1,1,1,1,0,1,0,0,1,0,1,0
193,0,1.0,0,0,-29.66,6,0,1,0,1,0,0,1,0,0,1,1,0,1,1,0,0,1,0,1,1,0,0,1,0,0,1,1,0,1,0,1,0,1,1,0,1,0,0,1,1,1,1,0,0,0,1,0,1,1,0
194,0,1.0,0,1,-29.66,6,0,0,0,1,0,1,0,1,1,0,1,1,0,1,0,1,0,1,0,0,1,0,1,0,0,1,0,1,1,0,1,0,1,1,0,1,0,0,1,1,1,1,0,0,1,0,0,0,1,0
195,0,0.0,1,1,-29.66,6,1,0,0,0,0,1,0,1,1,0,1,1,0,1,0,1,0,0,1,1,0,1,0,0,0,1,0,1,1,0,0,1,0,0,1,1,0,0,1,1,1,1,0,0,1,0,0,1,1,0
196,0,1.0,0,0,-29.66,6,0,0,1,0,1,0,1,0,1,0,1,1,0,1,0,1,0,0,1,1,0,0,1,0,1,0,1,0,1,0,1,0,0,0,1,1,0,0,0,0,1,1,0,0,0,1,0,1,1,0
197,0,1.0,0,0,-29.66,6,0,1,0,1,0,1,1,0,1,0,1,1,0,0,1,1,0,0,1,1,0,0,1,0,1,0,1,0,1,0,1,0,0,0,1,1,0,0,1,0,1,1,0,0,0,1,0,1,1,0
198,1,0.0,0,0,-29.66,6,0,1,0,1,0,0,1,0,0,0,1,0,1,1,0,1,0,0,1,1,0,0,1,0,0,1,1,0,1,0,1,0,1,0,1,1,0,0,1,1,1,1,0,0,1,0,0,1,1,0
199,0,1.0,1,1,11.89,8,0,0,0,1,0,1,0,1,0,1,1,1,0,0,1,1,0,1,0,0,1,0,0,1,0,1,0,1,1,0,0,0,1,1,0,1,0,0,1,1,1,0,1,0,1,0,0,1,0,1
200,0,1.0,0,1,11.89,8,0,1,0,0,1,1,1,0,0,0,0,0,1,1,0,0,0,0,1,0,1,0,0,0,0,1,0,1,0,1,0,0,0,0,0,0,0,0,1,1,1,0,1,0,0,1,0,1,0,1
201,0,0.0,1,0,11.89,8,1,0,0,1,0,0,0,1,0,1,1,0,1,0,1,0,1,1,0,0,1,1,0,0,0,1,0,1,1,0,0,0,1,1,0,1,0,1,0,0,1,0,0,0,1,0,0,1,0,1
202,0,1.0,1,1,11.89,8,0,0,0,1,0,1,0,1,0,1,1,1,0,0,1,0,1,1,0,0,1,0,0,0,0,1,1,0,1,0,0,0,1,1,0,1,0,0,1,1,1,0,1,0,1,0,0,0,0,0
203,0,0.0,1,0,11.89,8,0,0,0,1,0,1,0,1,1,0,1,1,0,0,1,0,1,1,0,0,1,0,1,0,0,1,1,0,1,0,0,1,0,1,0,1,0,1,0,0,1,0,1,0,1,0,0,1,0,1
204,0,1.0,0,0,11.89,8,0,0,0,1,0,0,1,0,0,0,1,1,0,1,0,0,1,0,1,1,0,0,1,0,0,1,1,0,0,1,0,1,0,0,1,1,0,0,1,0,1,0,1,0,1,0,0,1,0,1
205,0,1.0,1,1,11.89,8,0,0,0,1,0,1,0,1,0,1,0,0,1,0,1,0,1,1,0,1,0,0,0,1,0,1,0,1,1,0,1,0,1,0,1,1,0,0,1,1,1,0,1,0,0,1,0,1,0,1
206,1,1.0,1,1,11.89,8,0,1,0,1,0,1,0,1,0,1,1,0,1,0,1,0,1,1,0,0,1,1,0,0,0,1,0,1,1,0,1,1,0,1,0,0,0,0,1,1,1,0,1,0,1,0,0,1,0,1
207,0,1.0,0,1,-8.1300001,3,0,1,0,1,0,1,1,0,0,1,1,1,0,1,0,1,0,0,1,1,0,1,0,0,0,1,1,0,1,0,1,1,0,1,0,0,0,0,0,1,1,1,0,0,1,0,1,0,1,0
208,0,1.0,0,1,-8.1300001,3,0,0,0,1,0,1,0,1,1,0,1,0,1,1,0,1,0,1,0,0,1,1,0,0,0,1,0,1,1,0,1,1,0,1,0,0,0,0,0,1,1,1,0,0,1,0,1,0,1,0
209,1,1.0,0,1,-8.1300001,3,1,0,0,1,0,1,0,0,1,0,1,0,1,1,0,1,0,1,0,0,1,0,0,1,0,1,0,1,1,0,0,0,1,0,1,1,0,0,0,1,1,1,0,0,0,1,1,0,1,0
210,0,1.0,1,1,-11.41,2,1,0,0,1,0,1,0,1,0,1,1,1,0,0,1,0,1,1,0,0,1,0,1,0,0,1,1,0,1,0,1,0,1,0,1,1,1,0,1,1,1,1,0,1,0,0,1,0,1,0
211,0,1.0,0,0,-23.129999,2,0,0,1,0,1,0,1,0,1,0,1,1,0,1,0,1,0,0,0,1,0,0,1,0,0,1,0,1,0,1,0,0,0,0,1,1,1,0,1,1,1,1,0,1,0,0,1,0,1,0
212,1,1.0,0,1,-23.129999,2,0,1,0,0,1,1,1,0,1,0,1,1,0,1,0,1,0,0,1,1,0,0,1,0,1,0,1,0,1,0,1,0,1,0,1,1,1,0,1,1,1,1,0,1,0,0,1,0,1,0
213,0,1.0,1,1,-9.1800003,4,0,0,0,1,0,1,0,1,0,1,1,0,1,0,1,0,1,1,0,1,0,0,0,1,0,1,0,1,0,1,1,1,0,1,0,1,0,0,1,0,1,1,0,0,1,0,0,1,0,1
214,0,1.0,1,1,-9.1800003,4,0,0,0,0,1,1,0,1,0,1,0,0,1,0,1,0,1,1,0,0,1,1,0,0,0,1,0,1,0,1,1,0,1,1,0,1,0,0,1,1,1,1,0,0,1,0,0,0,0,0
215,0,1.0,1,1,-9.1800003,4,0,0,1,0,1,1,1,0,1,0,1,0,1,0,1,1,0,1,0,0,1,0,1,0,0,1,0,1,1,0,1,0,1,1,0,1,0,0,1,1,1,1,0,0,1,0,0,1,0,1
216,1,1.0,1,0,-9.1800003,4,0,0,0,0,1,0,0,1,0,1,1,1,0,0,1,0,1,0,1,1,0,0,0,1,0,1,0,1,1,0,1,1,0,1,0,1,0,0,1,0,1,1,0,0,1,0,0,1,0,1
217,0,1.0,0,1,-16.059999,2,0,0,1,0,1,1,0,1,0,1,1,0,1,0,1,0,1,0,1,0,1,1,0,0,0,1,0,1,0,1,0,0,1,1,0,1,1,0,1,1,0,0,1,1,0,0,0,0,1,0
218,1,0.0,0,0,-16.059999,2,0,0,1,1,0,0,1,0,0,1,1,0,1,1,0,1,0,0,1,1,0,1,0,0,1,0,1,0,1,0,1,1,0,0,0,1,1,0,1,1,0,0,0,1,0,0,0,1,1,0
219,0,1.0,0,1,-8.3299999,2,0,0,0,1,0,1,0,1,1,0,1,1,0,0,1,1,0,0,1,1,0,0,1,0,1,0,1,0,1,0,0,0,1,0,1,1,1,0,1,1,1,0,1,1,0,0,1,0,1,0
220,1,0.0,0,0,-8.3299999,2,0,1,0,1,0,1,1,0,0,1,1,0,1,0,1,1,0,1,0,0,1,0,0,1,0,1,0,1,0,1,0,1,0,0,1,0,1,0,1,1,1,0,0,1,0,0,1,0,1,0
221,0,0.0,1,1,7.1399999,3,0,0,1,1,0,1,0,1,1,0,1,0,1,1,0,0,1,1,0,0,1,0,0,1,0,1,0,1,0,1,0,0,1,0,1,1,0,0,1,0,1,0,0,0,1,0,1,0,1,0
222,0,1.0,0,0,7.1399999,3,0,0,1,1,0,0,1,0,1,0,1,1,0,0,1,1,0,0,1,1,0,0,0,0,0,1,1,0,0,1,1,1,0,0,1,1,0,0,1,1,1,0,1,0,1,0,1,0,1,0
223,1,1.0,1,1,7.1399999,3,0,0,0,1,0,1,0,1,0,1,1,0,1,0,1,0,1,1,0,0,1,0,0,1,0,1,0,1,0,1,1,0,1,1,0,1,0,0,1,1,1,0,1,0,1,0,1,0,1,0
224,0,1.0,0,0,-29.58,3,0,0,1,0,1,0,1,0,1,0,1,1,0,1,0,1,0,0,1,1,0,0,1,0,1,0,1,0,1,0,1,0,0,0,1,1,0,0,0,0,1,1,0,1,0,0,1,0,1,0
225,0,1.0,0,1,-29.58,3,0,0,1,0,1,1,0,1,1,0,1,1,0,1,0,1,0,0,1,1,0,0,0,0,0,1,1,0,1,0,1,1,0,0,1,1,0,0,1,1,1,1,0,1,0,0,1,0,1,0
226,1,0.0,1,1,-29.58,3,0,0,1,0,1,1,1,0,1,0,1,1,0,0,1,1,0,0,1,1,0,0,0,1,0,1,0,1,0,1,1,0,1,0,1,1,0,0,1,1,1,1,0,1,0,0,1,0,1,0
227,0,0.0,0,1,-7.1799998,5,0,1,0,1,0,1,0,1,0,1,0,1,0,0,1,0,1,1,0,0,1,1,0,0,0,1,1,0,1,0,1,0,1,1,0,0,0,1,0,1,1,1,0,1,0,0,1,0,0,0
228,0,0.0,1,1,-7.1799998,5,1,0,0,0,1,1,1,0,0,1,1,1,0,0,1,1,0,1,0,1,0,0,1,0,0,1,1,0,0,1,1,0,1,1,0,1,0,0,1,1,1,1,0,1,0,0,1,0,0,1
229,0,1.0,1,0,-7.1799998,5,0,0,0,1,0,0,1,0,1,0,1,1,0,0,1,0,1,1,0,1,0,0,0,1,0,1,0,1,0,1,0,0,1,1,0,1,0,1,0,0,1,1,0,1,0,0,1,0,0,1
230,0,1.0,1,1,-7.1799998,5,0,0,0,0,1,1,0,1,1,0,1,0,1,0,1,0,1,1,0,1,0,0,1,0,1,0,1,0,1,0,1,1,0,1,0,1,0,0,1,1,1,1,0,1,0,0,1,0,0,1
231,1,0.0,1,0,-7.1799998,5,0,1,0,0,1,1,0,1,0,1,1,0,1,0,1,0,1,1,0,1,0,0,0,1,0,1,1,0,0,1,0,1,0,1,0,0,0,0,1,1,1,1,0,1,0,0,1,0,0,1
232,0,0.0,0,0,60.720001,6,0,1,0,0,1,0,0,1,0,1,0,0,1,1,0,1,0,0,0,0,1,0,1,0,0,1,1,0,1,0,1,1,0,1,0,0,0,1,0,1,1,1,0,1,0,0,0,1,0,1
233,0,1.0,0,0,60.720001,6,0,1,0,0,1,0,1,0,1,0,1,1,0,1,0,1,0,0,1,1,0,0,1,0,1,0,1,0,1,0,1,1,0,0,1,0,0,1,0,1,1,1,0,1,0,0,0,1,0,1
234,0,1.0,1,1,60.720001,6,0,0,1,1,0,1,0,1,0,1,1,0,1,0,1,0,1,1,0,0,1,0,0,1,1,0,1,0,1,0,1,1,0,1,0,1,0,0,1,1,1,1,0,1,0,0,0,1,0,1
235,0,1.0,0,1,60.720001,6,1,0,0,0,1,1,0,1,1,0,0,1,0,1,0,1,0,1,0,1,0,0,1,0,0,1,1,0,1,0,1,0,1,0,1,1,0,1,0,1,1,1,0,1,0,0,0,1,0,1
236,0,0.0,1,1,60.720001,6,1,0,0,0,1,1,0,1,0,1,1,0,1,1,0,0,1,0,1,0,1,0,1,0,0,1,1,0,0,1,1,1,0,0,1,1,0,1,0,1,1,1,0,1,0,0,0,1,0,1
237,1,0.0,1,1,60.720001,6,0,0,0,0,1,1,0,1,0,1,1,0,1,1,0,0,1,1,0,0,1,1,0,0,0,1,0,1,1,0,1,0,1,1,0,1,0,1,0,1,1,1,0,1,0,0,0,0,0,0
238,0,1.0,1,1,-14.18,5,0,0,0,1,0,1,1,0,0,1,1,0,0,0,1,0,1,1,0,1,0,1,0,0,0,1,0,1,0,1,1,1,0,1,0,0,0,0,1,1,1,1,0,0,1,0,1,0,1,0
239,0,1.0,1,1,-14.18,5,0,1,0,0,1,1,0,1,0,1,1,0,1,0,1,0,1,1,0,0,1,1,0,0,0,1,0,1,0,1,0,0,1,1,0,0,0,0,1,1,1,1,0,0,1,0,1,0,1,0
240,0,1.0,0,1,-14.18,5,1,0,0,0,1,1,0,1,0,1,1,0,1,0,1,1,0,1,0,1,0,0,1,0,1,0,1,0,1,0,1,1,0,1,0,1,0,0,1,1,1,1,0,1,0,0,1,0,1,0
241,0,1.0,0,1,-14.18,5,0,0,0,0,1,1,1,0,0,1,1,0,1,0,1,0,0,1,0,1,0,0,1,0,0,1,1,0,0,1,1,1,0,0,1,1,0,0,1,1,1,1,0,1,0,0,1,0,1,0
242,1,1.0,1,0,-14.18,5,0,0,0,0,1,0,0,1,0,1,0,1,0,0,1,0,1,1,0,1,0,0,1,0,0,1,0,1,1,0,1,1,0,1,0,0,0,0,1,1,1,1,0,0,1,0,1,0,1,0
243,0,0.0,0,1,-35.73,2,0,0,0,1,0,1,0,1,0,1,1,1,0,0,1,0,1,1,0,0,1,1,0,0,0,1,0,1,0,1,1,0,1,1,0,1,1,0,1,0,1,1,0,0,1,0,1,0,1,0
244,1,0.0,0,1,-35.73,2,1,0,0,0,0,1,0,1,1,0,1,0,1,1,0,1,0,0,1,1,0,0,0,1,1,0,0,1,1,0,1,0,1,0,1,1,1,0,1,1,1,1,0,1,0,0,1,0,1,0
245,0,1.0,1,1,-31.610001,3,0,1,0,0,1,1,0,0,0,1,1,1,0,0,1,0,1,1,0,1,0,1,0,0,0,1,0,1,1,0,1,0,1,1,0,1,0,0,1,1,1,1,0,1,0,0,0,0,1,0
246,0,1.0,0,0,-31.610001,3,0,0,1,0,1,0,1,0,0,0,1,1,0,0,1,0,1,0,1,1,0,0,1,0,1,0,1,0,1,0,1,1,0,0,1,1,0,0,0,0,1,1,0,1,0,0,0,1,1,0
247,1,1.0,0,0,-31.610001,3,0,1,0,1,0,1,0,1,1,0,1,1,0,0,1,1,0,1,0,0,1,0,0,1,0,1,0,1,0,1,1,1,0,0,1,1,0,1,0,1,1,1,0,1,0,0,0,1,1,0
248,0,1.0,0,1,-46.130001,4,0,0,1,0,1,1,1,0,1,0,1,1,0,0,1,1,0,1,0,0,1,0,1,0,0,1,1,0,0,1,1,0,1,0,1,1,0,0,0,0,1,1,0,0,1,0,1,0,0,1
249,0,1.0,0,1,-46.130001,4,1,0,0,0,1,1,0,1,1,0,1,1,0,0,1,0,1,1,0,1,0,0,0,1,1,0,1,0,1,0,1,0,1,0,1,1,0,1,0,1,1,1,0,0,0,1,1,0,0,1
250,0,1.0,0,0,-46.130001,4,0,0,0,0,1,1,0,1,0,1,1,1,0,1,0,1,0,0,1,1,0,0,1,0,1,0,1,0,1,0,0,0,0,0,1,1,0,0,0,0,1,1,0,0,0,1,1,0,0,1
251,1,1.0,1,0,-46.130001,4,0,1,0,1,0,1,0,1,1,0,1,1,0,0,1,1,0,1,0,1,0,0,0,1,1,0,1,0,1,0,1,0,1,0,1,1,0,0,1,0,1,1,0,0,1,0,1,0,0,0
252,0,1.0,1,0,-26.129999,2,1,0,0,0,1,1,1,0,1,0,1,1,0,0,1,1,0,0,1,1,0,0,1,0,1,0,1,0,1,0,1,1,0,0,1,1,1,0,0,1,1,1,0,1,0,0,1,0,1,0
253,1,1.0,0,0,-26.129999,2,0,0,1,1,0,0,1,0,1,0,1,1,0,1,0,1,0,0,1,1,0,0,0,0,1,0,1,0,1,0,1,0,0,0,1,1,1,0,0,1,1,1,0,1,0,0,1,0,1,0
254,0,0.0,1,1,-12.98,3,0,0,1,0,1,1,0,1,1,0,1,0,1,0,1,0,1,0,1,1,0,0,0,1,0,1,0,1,0,1,1,0,1,0,1,1,0,0,1,1,1,1,0,0,1,0,1,0,1,0
255,0,1.0,0,0,-12.98,3,0,1,0,1,0,1,0,1,1,0,1,0,1,0,1,1,0,1,0,0,1,0,0,1,0,1,0,1,1,0,1,0,1,1,0,1,0,0,1,0,1,1,0,0,1,0,1,0,1,0
256,1,0.0,0,0,-12.98,3,0,0,1,0,1,0,0,1,1,0,1,1,0,0,1,1,0,1,0,1,0,0,0,1,1,0,0,1,1,0,1,1,0,0,1,1,0,1,0,1,1,1,0,0,1,0,1,0,1,0
257,0,0.0,1,1,-19.280001,2,0,1,0,1,0,1,0,1,1,0,0,0,1,1,0,0,1,1,0,0,1,1,0,0,0,1,0,1,0,1,1,0,1,0,1,1,1,0,1,1,1,1,0,0,1,0,1,0,0,0
258,0,1.0,1,1,-16.73,2,1,0,0,1,0,1,0,1,0,1,1,1,0,0,1,0,1,1,0,0,1,0,1,0,0,1,0,1,0,1,0,0,1,1,0,1,1,1,0,1,1,1,0,0,0,1,1,0,1,0
259,1,1.0,1,0,-16.73,2,1,0,0,0,1,1,0,1,0,1,1,0,1,0,1,0,1,1,0,0,1,1,0,0,0,1,1,0,1,0,1,1,0,1,0,0,1,0,1,1,1,1,0,0,1,0,1,0,1,0
260,0,1.0,1,1,-18.98,2,0,1,0,0,1,1,0,1,0,1,1,0,1,0,1,1,0,0,1,0,1,0,0,1,0,1,0,1,1,0,1,1,0,0,1,0,1,0,1,0,1,1,0,0,0,1,1,0,1,0
261,1,0.0,1,1,-18.98,2,0,0,0,0,1,1,0,1,0,1,1,1,0,0,1,1,0,1,0,0,1,0,0,1,0,1,0,1,1,0,1,0,1,0,1,1,1,0,1,0,1,1,0,0,1,0,1,0,1,0
262,0,1.0,0,0,-16.360001,3,0,1,0,0,0,1,1,0,1,0,1,1,0,1,0,1,0,0,1,1,0,0,0,1,1,0,1,0,1,0,1,1,0,0,1,1,0,0,1,1,1,1,0,0,1,0,1,0,1,0
263,0,1.0,0,0,-16.360001,3,0,0,0,1,0,1,1,0,1,0,1,1,0,0,1,1,0,0,1,1,0,0,0,1,1,0,1,0,1,0,1,0,1,0,1,1,0,0,1,1,1,1,0,0,1,0,1,0,1,0
264,1,1.0,0,0,-16.360001,3,1,0,0,1,0,1,1,0,0,1,1,0,1,0,1,1,0,0,1,1,0,0,0,1,0,0,0,1,1,0,0,1,0,0,0,1,0,0,1,1,1,1,0,0,0,1,1,0,1,0
265,0,1.0,0,1,-14.13,2,1,0,0,0,1,1,0,1,0,1,1,1,0,1,0,0,1,1,0,1,0,0,0,1,0,1,0,1,1,0,1,0,1,1,0,0,1,1,0,1,0,1,0,1,0,0,1,0,1,0
266,1,1.0,0,0,-14.13,2,0,1,0,1,0,1,1,0,0,0,0,0,1,1,0,1,0,0,1,1,0,0,0,1,1,0,0,1,1,0,1,0,0,1,0,1,1,0,1,1,0,1,0,1,0,0,1,0,1,0
267,0,1.0,0,1,-29.559999,3,0,0,0,1,0,1,0,1,0,1,0,0,1,0,1,0,1,1,0,1,0,1,0,0,0,1,0,1,0,1,1,0,1,1,0,1,0,0,1,0,1,1,0,0,0,1,1,0,1,0
268,0,1.0,0,1,-29.559999,3,0,0,0,0,1,1,1,0,0,1,1,0,0,0,1,0,1,1,0,1,0,1,0,0,0,1,0,1,0,1,1,0,1,0,1,1,0,0,1,1,1,1,0,0,0,1,1,0,1,0
269,1,1.0,1,1,-29.559999,3,0,0,0,1,0,1,0,1,0,1,1,0,1,0,1,0,1,1,0,0,1,1,0,0,0,1,0,1,0,1,1,0,1,1,0,1,0,0,1,1,1,1,0,0,1,0,1,0,1,0
270,0,1.0,1,1,-11.28,2,1,0,0,1,0,1,1,0,0,1,1,1,0,0,1,0,1,0,1,0,1,1,0,0,1,0,0,1,1,0,1,0,1,0,1,1,1,0,1,1,0,0,1,0,1,0,1,0,1,0
271,1,0.0,0,0,-11.28,2,0,0,0,1,0,1,1,0,1,0,1,0,1,1,0,1,0,1,0,1,0,1,0,0,1,0,1,0,1,0,1,1,0,0,1,1,1,0,1,1,0,0,0,0,0,1,1,0,1,0
272,0,1.0,1,1,-22.66,2,0,0,0,1,0,1,0,1,0,1,1,0,1,0,1,0,1,1,0,1,0,0,0,1,0,1,0,1,1,0,1,0,1,1,0,0,1,0,0,1,1,1,0,0,1,0,1,0,1,0
273,1,0.0,1,1,-22.66,2,0,0,0,1,0,1,1,0,0,1,0,0,1,0,1,0,1,0,0,1,0,1,0,0,0,1,1,0,0,1,1,1,0,0,1,0,1,0,0,0,1,1,0,0,1,0,1,0,1,0
274,0,1.0,1,0,-5.98,2,0,0,0,1,0,1,1,0,0,1,1,0,1,0,1,0,1,1,0,1,0,0,1,0,1,0,1,0,1,0,0,0,0,1,0,0,1,0,0,1,0,1,0,0,1,0,1,0,0,1
275,1,0.0,0,1,-5.98,2,1,0,0,1,0,1,0,1,0,1,0,0,1,0,1,0,1,1,0,1,0,0,0,1,0,1,0,1,0,1,1,0,1,1,0,1,1,0,0,1,0,1,0,0,1,0,1,0,0,0
276,0,1.0,1,1,-3.96,4,1,0,0,0,1,1,0,1,0,1,1,0,1,0,1,0,1,1,0,0,1,0,0,1,0,1,1,0,0,1,0,0,1,1,0,0,0,0,0,1,0,1,0,1,0,0,1,0,1,0
277,0,1.0,1,0,-3.96,4,0,0,0,0,1,1,0,1,1,0,1,0,1,0,1,0,1,1,0,0,1,0,0,1,0,1,0,1,1,0,1,1,0,1,0,1,0,1,0,1,0,1,0,1,0,0,1,0,1,0
278,0,0.0,0,1,-3.96,4,1,0,0,0,1,1,1,0,0,0,1,1,0,0,1,1,0,0,1,0,1,0,0,1,0,1,0,1,1,0,1,0,1,0,1,1,0,1,0,1,0,1,0,1,0,0,1,0,1,0
279,1,1.0,0,0,-3.96,4,0,0,1,0,1,0,1,0,1,0,1,1,0,1,0,1,0,0,1,1,0,0,1,0,1,0,1,0,1,0,1,1,0,0,1,1,0,0,1,1,0,1,0,1,0,0,1,0,1,0
280,0,1.0,1,1,-16.01,2,1,0,0,0,1,1,0,1,0,1,1,1,0,0,1,0,0,1,0,1,0,0,1,0,0,1,0,1,1,0,1,0,1,1,0,0,1,0,1,1,1,1,0,1,0,0,0,0,1,0
281,1,1.0,1,1,-16.01,2,0,1,0,1,0,1,1,0,0,0,0,0,1,0,1,0,1,1,0,0,1,0,0,1,0,1,0,1,0,1,1,1,0,1,0,0,1,0,0,1,1,1,0,1,0,0,0,1,1,0
282,0,1.0,1,1,-3.26,3,0,1,0,0,1,1,0,1,0,1,1,0,1,0,1,0,1,1,0,0,1,0,0,1,0,1,0,1,1,0,1,0,1,1,0,0,0,1,0,1,0,1,0,1,0,0,0,0,0,0
283,0,1.0,1,0,-3.26,3,0,0,0,1,0,0,0,1,0,1,1,1,0,0,1,0,1,1,0,0,1,0,1,0,0,1,0,1,1,0,1,0,1,1,0,1,0,1,0,1,0,1,0,1,0,0,0,1,0,1
284,1,1.0,1,0,-3.26,3,0,1,0,0,1,0,0,1,0,1,1,0,1,0,1,0,1,1,0,0,1,0,1,0,0,1,0,1,1,0,1,1,0,1,0,0,0,0,0,1,0,1,0,1,0,0,0,1,0,1
285,0,0.0,0,0,-4.6599998,5,0,1,0,0,1,0,1,0,0,1,1,1,0,0,1,0,1,1,0,1,0,0,0,1,0,1,1,0,1,0,1,1,0,1,0,1,0,1,0,1,0,0,1,1,0,0,1,0,1,0
286,0,1.0,0,1,-4.6599998,5,0,1,0,1,0,1,1,0,1,0,1,1,0,0,1,1,0,0,1,1,0,0,1,0,1,0,1,0,1,0,1,1,0,1,0,1,0,0,0,1,0,0,1,1,0,0,1,0,1,0
287,0,1.0,0,0,-4.6599998,5,0,0,0,0,1,0,1,0,1,0,1,0,1,0,1,0,1,0,1,1,0,0,1,0,0,1,1,0,1,0,1,1,0,1,0,1,0,0,0,1,0,0,1,1,0,0,1,0,1,0
288,0,0.0,0,0,-4.6599998,5,0,0,0,0,1,0,0,1,0,1,1,1,0,1,0,0,1,0,1,0,1,0,1,0,0,1,1,0,1,0,1,1,0,1,0,1,0,0,0,0,0,0,1,1,0,0,1,0,1,0
289,1,0.0,0,0,-4.6599998,5,0,0,0,1,0,0,1,0,0,1,1,0,1,0,1,1,0,1,0,1,0,0,0,1,0,1,0,1,1,0,1,1,0,1,0,1,0,0,0,1,0,0,0,1,0,0,1,0,1,0
290,0,1.0,1,1,13.77,6,0,1,0,0,0,1,0,1,0,1,1,1,0,0,1,0,1,1,0,0,1,0,0,1,0,1,1,0,0,1,0,0,1,1,0,0,0,0,1,1,1,0,1,0,1,0,0,1,0,1
291,0,0.0,1,1,13.77,6,0,0,0,1,0,1,0,1,1,0,0,1,0,0,1,0,1,1,0,1,0,1,0,0,0,1,0,1,1,0,1,0,1,1,0,1,0,1,0,1,1,0,1,0,0,1,0,0,0,0
292,0,1.0,1,1,13.77,6,0,0,0,1,0,1,0,1,1,0,1,0,1,0,1,0,1,1,0,0,1,0,0,1,0,1,1,0,1,0,0,0,1,1,0,0,0,1,0,1,1,0,1,0,0,1,0,1,0,1
293,0,1.0,1,0,13.77,6,0,1,0,1,0,1,1,0,0,1,1,1,0,0,1,0,1,0,1,1,0,0,0,1,0,1,1,0,1,0,1,1,0,1,0,0,0,1,0,1,1,0,1,0,0,1,0,1,0,1
294,0,1.0,1,1,13.77,6,0,0,0,1,0,1,0,1,0,1,0,0,1,0,1,0,1,1,0,0,1,0,0,1,0,1,0,1,0,1,1,0,1,1,0,1,0,1,0,1,1,0,1,0,0,1,0,1,0,1
295,1,0.0,1,1,13.77,6,0,0,0,0,0,1,0,1,0,1,1,0,0,0,1,0,1,1,0,0,1,0,0,1,0,1,0,1,0,1,1,0,1,1,0,0,0,1,0,1,1,0,0,0,0,1,0,1,0,1
296,0,0.0,1,1,-11.88,2,0,0,0,1,0,1,1,0,0,1,0,0,1,0,1,0,1,1,0,0,1,0,0,1,0,1,0,1,1,0,1,0,1,1,0,0,1,0,0,1,0,0,1,1,0,0,0,0,1,0
297,1,0.0,0,0,-11.88,2,0,0,0,0,1,1,0,1,1,0,1,1,0,1,0,0,1,0,1,1,0,0,0,1,1,0,1,0,1,0,1,1,0,0,1,1,1,1,0,1,0,0,0,1,0,0,0,1,1,0
298,0,1.0,0,1,-13.78,6,0,0,0,1,0,1,1,0,0,1,1,1,0,0,1,0,1,0,1,1,0,0,1,0,1,0,0,1,1,0,1,0,1,1,0,1,0,0,0,0,1,1,0,0,1,0,0,0,1,0
299,0,1.0,1,1,-13.78,6,1,0,0,1,0,1,0,1,0,1,1,0,1,0,1,0,1,1,0,0,1,0,0,1,0,1,0,1,0,1,0,0,1,1,0,1,0,0,0,0,1,1,0,0,1,0,0,1,1,0
300,0,1.0,0,0,-13.78,6,0,0,0,1,0,1,1,0,1,0,0,0,1,0,1,0,1,0,1,1,0,0,1,0,0,1,1,0,1,0,0,1,0,0,1,1,0,0,0,1,1,1,0,0,0,1,0,1,1,0
301,0,1.0,0,0,-13.78,6,0,0,1,0,1,0,1,0,1,0,1,1,0,1,0,1,0,0,1,1,0,0,1,0,1,0,1,0,1,0,1,0,0,0,1,1,0,0,0,1,1,1,0,0,0,1,0,1,1,0
302,0,1.0,0,0,-13.78,6,0,0,1,0,1,0,1,0,1,0,1,1,0,1,0,1,0,0,1,1,0,0,1,0,1,0,1,0,1,0,1,0,0,0,1,1,0,0,0,1,1,1,0,0,0,1,0,1,1,0
303,1,1.0,0,0,-13.78,6,1,0,0,0,1,1,1,0,1,0,1,1,0,0,1,0,1,1,0,1,0,0,1,0,1,0,0,1,1,0,1,0,0,1,0,0,0,0,0,1,1,1,0,0,1,0,0,1,1,0
304,0,1.0,0,1,-3.0799999,7,0,0,1,0,1,1,1,0,1,0,1,1,0,0,1,0,1,1,0,0,1,1,0,0,0,1,0,1,0,1,0,1,0,0,1,1,0,0,0,1,0,0,1,0,0,1,1,0,1,0
305,0,1.0,1,1,-3.0799999,7,0,1,0,0,1,1,0,1,1,0,1,0,1,0,1,1,0,0,1,1,0,0,1,0,0,1,0,1,0,1,1,0,1,0,1,0,0,0,0,0,0,0,1,0,0,1,1,0,1,0
306,0,1.0,1,1,-3.0799999,7,1,0,0,1,0,1,0,1,0,1,0,0,1,0,1,0,1,1,0,0,1,0,0,1,0,1,0,1,1,0,0,0,1,1,0,1,0,0,0,1,0,0,1,0,0,1,1,0,1,0
307,0,1.0,0,0,-3.0799999,7,0,0,0,1,0,0,0,1,0,0,0,0,1,0,1,0,1,1,0,0,1,0,0,1,1,0,1,0,1,0,0,1,0,0,1,1,0,0,0,1,0,0,1,0,0,1,1,0,1,0
308,0,1.0,1,0,-3.0799999,7,0,0,0,0,1,1,0,1,1,0,1,0,1,0,1,0,1,1,0,0,1,1,0,0,0,1,0,1,1,0,0,1,0,0,1,1,0,0,0,0,0,0,1,0,0,1,1,0,1,0
309,0,1.0,1,1,-3.0799999,7,0,0,1,0,1,1,0,1,1,0,1,0,1,1,0,0,1,0,1,1,0,1,0,0,0,1,0,1,1,0,0,0,1,0,1,1,0,0,0,1,0,0,1,0,0,1,1,0,1,0
310,1,0.0,1,0,-3.0799999,7,1,0,0,1,0,0,0,0,0,0,1,1,0,0,1,0,1,1,0,1,0,0,0,1,0,1,0,1,1,0,0,1,0,0,1,1,0,0,0,1,0,0,0,0,1,0,1,0,1,0
311,0,1.0,0,0,3.8199999,6,0,1,0,1,0,0,1,0,0,0,0,1,0,0,0,0,0,0,0,1,0,0,1,0,0,1,1,0,1,0,0,0,0,0,1,0,0,0,0,1,0,1,0,0,0,1,0,1,0,1
312,0,0.0,1,1,3.8199999,6,1,0,0,1,0,1,0,1,0,1,0,0,1,0,1,0,1,1,0,0,1,1,0,0,0,1,1,0,0,1,0,0,1,0,1,1,0,0,0,1,0,1,0,0,1,0,0,0,0,0
313,0,1.0,1,0,3.8199999,6,1,0,0,1,0,0,1,0,1,0,1,1,0,0,1,0,1,1,0,0,1,0,0,1,0,1,1,0,1,0,0,1,0,1,0,0,0,0,0,1,0,1,0,0,1,0,0,1,0,1
314,0,0.0,1,1,3.8199999,6,0,0,0,0,1,1,1,0,1,0,1,0,1,0,1,0,1,1,0,1,0,1,0,0,0,1,1,0,0,1,1,0,1,1,0,0,0,1,0,1,0,1,0,0,1,0,0,1,0,1
315,0,0.0,0,1,3.8199999,6,0,0,0,0,0,1,0,1,1,0,1,0,1,1,0,1,0,1,0,1,0,0,0,1,1,0,1,0,1,0,1,0,1,0,1,1,0,1,0,1,0,1,0,0,0,1,0,1,0,1
316,1,1.0,0,0,3.8199999,6,0,0,1,1,0,0,1,0,1,0,1,1,0,1,0,0,1,0,1,0,1,0,1,0,1,0,1,0,1,0,1,0,1,1,0,1,0,1,0,1,0,1,0,0,1,0,0,1,0,1
317,0,0.0,1,0,-11.63,5,1,0,0,1,0,1,1,0,1,0,1,1,0,0,1,0,1,1,0,1,0,1,0,0,1,0,1,0,1,0,1,0,1,1,0,1,0,0,1,1,1,1,0,1,0,0,1,0,1,0
318,0,1.0,1,1,-11.63,5,0,1,0,1,0,1,0,1,0,1,1,1,0,0,1,0,1,1,0,0,1,0,1,0,0,1,0,1,1,0,0,0,1,1,0,1,0,0,0,1,1,1,0,1,0,0,1,0,1,0
319,0,0.0,1,1,-11.63,5,0,0,0,0,1,1,1,0,0,0,1,1,0,0,1,0,1,1,0,1,0,0,0,1,0,1,1,0,1,0,0,1,0,1,0,1,0,0,0,0,1,1,0,1,0,0,1,0,1,0
320,0,0.0,1,1,-11.63,5,0,1,0,0,1,1,0,1,0,1,1,0,1,0,1,0,1,1,0,0,1,1,0,0,0,1,0,1,1,0,1,0,1,1,0,1,0,1,0,1,1,1,0,1,0,0,1,0,1,0
321,1,1.0,1,1,-11.63,5,0,1,0,1,0,1,0,1,0,1,1,0,1,0,1,0,1,1,0,1,0,0,0,1,0,1,1,0,0,1,0,0,1,1,0,0,0,0,0,0,1,1,0,1,0,0,1,0,1,0
322,0,1.0,0,0,-8.2600002,2,0,0,1,0,1,0,0,1,0,1,0,1,0,1,0,1,0,1,0,1,0,0,1,0,0,1,0,1,1,0,1,0,1,1,0,1,1,1,0,1,1,0,1,0,1,0,0,1,1,0
323,0,1.0,0,1,-8.8100004,6,0,1,0,0,0,1,0,1,0,1,1,0,1,1,0,0,1,1,0,0,1,0,1,0,0,1,0,1,0,1,1,0,1,0,1,0,0,0,0,1,0,1,0,1,0,0,1,0,1,0
324,0,1.0,1,1,-8.8100004,6,1,0,0,1,0,1,0,1,0,1,0,0,1,0,1,0,1,1,0,1,0,1,0,0,0,1,1,0,1,0,1,1,0,1,0,1,0,1,0,1,0,1,0,1,0,0,1,0,1,0
325,0,1.0,1,0,-8.8100004,6,0,1,0,1,0,0,0,1,0,1,1,0,1,1,0,0,0,0,1,1,0,0,1,0,0,1,1,0,1,0,1,1,0,0,1,1,0,1,0,0,0,1,0,1,0,0,1,0,1,0
326,0,1.0,0,1,-8.8100004,6,0,0,1,0,1,1,0,1,1,0,1,1,0,1,0,0,0,0,1,0,1,1,0,0,0,1,1,0,0,1,1,0,1,0,1,1,0,0,0,1,0,1,0,1,0,0,1,0,1,0
327,0,1.0,1,1,-8.8100004,6,0,0,1,1,0,1,0,1,0,1,0,0,1,0,1,0,1,1,0,0,1,0,0,1,0,1,1,0,0,1,1,0,1,0,1,1,0,1,0,1,0,1,0,1,0,0,1,0,1,0
328,1,0.0,0,0,-8.8100004,6,0,1,0,1,0,1,1,0,0,1,1,1,0,0,1,0,1,1,0,1,0,1,0,0,0,1,1,0,1,0,0,1,0,1,0,1,0,0,0,1,0,1,0,1,0,0,1,0,1,0
329,0,1.0,1,1,-6.0799999,7,0,0,0,1,0,1,1,0,1,0,1,0,1,1,0,1,0,1,0,0,0,0,0,1,0,1,1,0,1,0,1,1,0,1,0,1,0,0,0,1,1,0,1,0,0,1,1,0,0,1
330,0,1.0,1,1,-6.0799999,7,0,1,0,1,0,1,0,1,0,1,0,0,1,0,1,0,1,1,0,0,1,0,1,0,0,1,1,0,1,0,1,0,1,1,0,1,0,0,0,1,1,0,1,0,0,1,1,0,0,0
331,0,0.0,0,1,-6.0799999,7,0,1,0,0,1,1,0,1,0,1,1,1,0,0,1,0,1,1,0,1,0,0,0,1,0,1,1,0,1,0,1,0,1,1,0,0,0,0,0,1,1,0,0,0,1,0,1,0,0,1
332,0,1.0,1,1,-6.0799999,7,1,0,0,1,0,1,1,0,1,0,1,0,1,0,1,0,1,1,0,0,1,0,1,0,0,1,0,1,0,1,1,0,1,1,0,0,0,0,1,1,1,0,1,0,0,1,1,0,0,1
333,0,1.0,1,1,-6.0799999,7,0,1,0,1,0,1,0,1,0,1,0,0,1,0,1,0,1,1,0,0,1,1,0,0,0,1,1,0,1,0,1,0,1,1,0,1,0,0,0,1,1,0,1,0,0,1,1,0,0,1
334,0,1.0,0,1,-6.0799999,7,0,0,0,0,1,1,1,0,1,0,0,1,0,0,1,0,1,1,0,1,0,0,1,0,0,1,0,1,1,0,1,1,0,0,1,1,0,0,0,1,1,0,1,0,0,1,1,0,0,1
335,1,1.0,1,0,-6.0799999,7,0,0,0,1,0,1,0,1,0,1,0,1,0,0,1,0,1,1,0,0,1,1,0,0,0,1,0,1,1,0,1,1,0,1,0,1,0,1,0,1,1,0,1,0,1,0,1,0,0,1
336,0,1.0,0,1,-11.43,5,0,0,0,0,1,1,0,1,1,0,0,0,1,1,0,1,0,1,0,1,0,0,1,0,0,1,1,0,1,0,1,0,1,0,1,1,0,0,1,0,1,1,0,0,1,0,0,0,0,0
337,0,0.0,0,1,-11.43,5,1,0,0,0,1,1,1,0,0,1,0,0,1,1,0,1,0,1,0,1,0,0,0,1,0,1,1,0,1,0,1,1,0,1,0,1,0,0,0,1,1,1,0,0,0,1,0,1,0,1
338,0,0.0,0,1,-11.43,5,0,0,0,0,0,1,1,0,0,1,1,1,0,1,0,1,0,0,1,1,0,0,1,0,0,1,0,1,1,0,1,0,1,0,1,1,0,0,0,1,1,1,0,0,0,1,0,1,0,1
339,0,1.0,1,1,-11.43,5,0,0,1,0,1,1,1,0,1,0,0,0,1,1,0,0,1,1,0,0,1,1,0,0,0,1,0,1,0,0,0,1,0,0,1,1,0,0,0,1,1,1,0,0,0,1,0,1,0,1
340,1,0.0,0,1,-11.43,5,1,0,0,1,0,1,1,0,1,0,0,1,0,0,1,0,1,0,1,1,0,1,0,0,1,0,1,0,1,0,1,0,1,0,1,1,0,0,0,1,1,1,0,0,1,0,0,0,0,1
341,0,0.0,1,1,-13.93,5,0,0,0,1,0,1,0,1,0,1,0,0,1,0,1,0,1,1,0,0,1,0,1,0,1,0,0,1,1,0,1,1,0,0,1,1,0,0,0,0,1,1,0,0,0,1,0,1,0,1
342,0,1.0,1,1,-13.93,5,0,0,0,1,0,1,0,1,0,1,0,0,1,0,1,0,0,1,0,0,1,0,1,0,0,1,0,1,1,0,1,1,0,0,1,1,0,0,0,1,1,1,0,0,0,1,0,1,0,1
343,0,1.0,0,1,-13.93,5,1,0,0,1,0,1,0,1,0,1,1,1,0,1,0,0,1,0,1,1,0,1,0,0,1,0,0,1,1,0,1,0,1,0,1,1,0,0,0,1,1,1,0,0,0,1,0,0,0,0
344,0,1.0,1,1,-13.93,5,0,0,0,0,1,1,0,1,0,1,0,1,0,0,1,0,1,1,0,1,0,1,0,0,0,1,0,1,1,0,1,1,0,0,1,1,0,0,0,0,1,1,0,0,0,1,0,1,0,1
345,1,0.0,1,1,-13.93,5,0,0,0,0,1,1,0,1,0,1,0,1,0,0,1,0,1,1,0,1,0,0,1,0,0,1,1,0,1,0,0,0,1,0,1,1,0,0,0,1,1,1,0,0,1,0,0,1,0,1
346,0,0.0,0,0,4.1399999,2,0,0,0,1,0,0,0,1,0,0,1,1,0,1,0,1,0,1,0,1,0,1,0,0,0,1,1,0,1,0,1,0,1,0,1,1,1,1,0,1,0,0,0,0,1,0,0,1,0,1
347,1,0.0,0,1,4.1399999,2,0,0,0,0,1,1,0,1,0,1,1,1,0,0,1,1,0,0,1,0,1,1,0,0,0,1,1,0,1,0,1,0,1,0,1,1,1,0,0,1,0,0,1,0,1,0,0,0,0,1
348,0,0.0,1,1,14.62,4,0,0,1,1,0,1,0,1,0,1,0,1,0,1,0,0,1,0,1,0,1,1,0,0,0,1,0,1,0,1,1,0,1,1,0,1,0,1,0,1,1,1,0,0,1,0,0,0,1,0
349,0,1.0,0,1,14.62,4,0,0,1,0,1,1,1,0,1,0,1,1,0,1,0,1,0,0,1,1,0,0,1,0,1,0,1,0,1,0,1,1,0,0,1,1,0,1,0,1,1,1,0,0,0,1,0,1,1,0
350,0,0.0,1,1,14.62,4,1,0,0,0,1,1,0,1,1,0,1,1,0,0,1,1,0,1,0,0,1,0,0,0,0,1,0,1,0,1,1,0,1,0,1,1,0,0,0,1,1,1,0,0,1,0,0,1,1,0
351,1,1.0,1,0,14.62,4,0,0,1,1,0,0,1,0,0,0,1,1,0,0,1,1,0,0,1,1,0,0,1,0,1,0,1,0,1,0,1,1,0,0,1,1,0,0,0,1,1,1,0,0,1,0,0,1,1,0
352,0,0.0,1,1,-17.360001,3,0,0,0,0,1,1,0,1,0,1,1,0,0,0,1,0,1,0,0,1,0,0,1,0,0,1,1,0,1,0,1,0,1,1,0,0,0,0,0,1,1,1,0,0,1,0,1,0,1,0
353,0,1.0,0,0,-17.360001,3,0,0,1,0,1,0,1,0,1,0,1,1,0,1,0,1,0,0,1,1,0,0,1,0,1,0,1,0,1,0,1,0,0,0,1,1,0,0,0,1,1,1,0,0,0,1,1,0,1,0
354,1,0.0,0,0,-17.360001,3,0,0,0,1,0,1,0,1,0,1,1,0,1,0,1,1,0,0,1,1,0,0,0,1,1,0,1,0,1,0,1,1,0,0,1,0,0,0,0,1,1,1,0,0,1,0,1,0,1,0
355,0,1.0,0,0,-31.23,2,0,0,1,0,1,0,1,0,1,0,1,1,0,1,0,1,0,0,1,1,0,0,1,0,1,0,1,0,1,0,1,0,0,0,1,1,1,0,0,0,1,1,0,0,0,1,1,0,1,0
356,1,0.0,0,1,-31.23,2,0,1,0,1,0,1,0,1,0,1,0,1,0,0,1,1,0,0,1,0,1,0,0,0,0,1,0,1,1,0,0,0,1,1,0,0,1,0,0,1,1,1,0,0,1,0,1,0,1,0
357,0,1.0,0,1,-23.809999,2,0,0,1,0,1,1,1,0,0,1,0,0,1,0,1,1,0,1,0,1,0,0,0,1,1,0,0,1,1,0,1,1,0,0,1,1,1,0,0,1,1,1,0,0,1,0,1,0,1,0
358,1,1.0,0,1,-23.809999,2,0,1,0,1,0,1,1,0,1,0,1,1,0,0,1,1,0,1,0,1,0,1,0,0,1,0,1,0,1,0,1,1,0,0,1,1,1,0,0,1,1,1,0,0,0,1,1,0,1,0
359,0,1.0,0,1,-37.610001,2,0,0,1,0,1,1,0,0,0,1,1,0,1,0,1,0,1,0,1,1,0,0,1,0,0,0,0,1,1,0,0,0,1,1,0,1,1,0,0,1,1,1,0,1,0,0,1,0,1,0
360,1,0.0,0,1,-37.610001,2,1,0,0,1,0,1,1,0,0,1,0,0,1,1,0,1,0,0,1,1,0,0,1,0,1,0,1,0,1,0,1,0,1,0,1,1,1,0,0,1,1,1,0,1,0,0,1,0,1,0
361,0,1.0,0,0,-27.18,2,0,1,0,1,0,0,1,0,1,0,1,1,0,1,0,0,0,0,0,0,1,1,0,0,1,0,0,1,1,0,1,1,0,0,1,1,1,0,0,1,0,1,0,0,0,1,1,0,1,0
362,1,1.0,0,1,-27.18,2,0,0,1,1,0,1,1,0,1,0,1,1,0,1,0,1,0,0,1,1,0,0,0,1,1,0,1,0,1,0,1,1,0,0,1,1,1,0,0,1,0,1,0,0,0,1,1,0,1,0
363,0,1.0,0,0,-34.779999,4,0,0,1,0,1,0,1,0,0,1,0,1,0,0,1,0,1,0,0,1,0,0,1,0,0,1,1,0,1,0,0,1,0,1,0,1,0,0,0,1,1,1,0,0,0,1,1,0,1,0
364,0,1.0,0,0,-34.779999,4,0,0,0,1,0,1,1,0,1,0,1,1,0,0,1,1,0,0,0,0,1,1,0,0,1,0,0,1,0,0,1,0,0,1,0,1,0,0,0,1,1,1,0,0,0,1,1,0,1,0
365,0,1.0,0,0,-34.779999,4,1,0,0,1,0,0,1,0,0,1,1,0,1,1,0,1,0,0,1,1,0,0,0,1,0,1,0,1,1,0,1,1,0,0,1,1,0,0,0,1,1,1,0,0,0,1,1,0,1,0
366,1,0.0,0,0,-34.779999,4,0,0,0,0,1,0,1,0,1,0,1,0,1,0,1,0,1,0,1,0,1,0,0,1,1,0,1,0,1,0,1,1,0,0,1,1,0,1,0,1,1,1,0,0,1,0,1,0,1,0
367,0,1.0,0,0,-8.4799995,3,0,0,0,1,0,1,0,1,1,0,0,0,1,0,1,1,0,0,1,0,1,0,1,0,0,1,0,1,0,1,0,0,1,1,0,1,0,0,0,1,1,1,0,1,0,0,1,0,1,0
368,0,1.0,1,1,-8.4799995,3,0,1,0,0,1,1,0,1,0,1,1,0,1,1,0,1,0,0,1,1,0,0,1,0,1,0,1,0,1,0,1,0,1,1,0,1,0,0,0,0,1,1,0,1,0,0,1,0,1,0
369,1,0.0,0,0,-8.4799995,3,0,0,1,1,0,1,0,1,1,0,1,1,0,1,0,1,0,0,1,1,0,0,1,0,1,0,0,1,1,0,1,1,0,0,1,0,0,0,0,1,1,1,0,1,0,0,1,0,1,0
370,0,1.0,1,1,-13.63,7,0,0,1,0,1,1,1,0,0,0,1,1,0,0,1,1,0,0,1,1,0,1,0,0,0,1,1,0,1,0,0,0,1,1,0,1,0,0,0,1,1,1,0,0,0,1,1,0,0,1
371,0,1.0,0,0,-13.63,7,0,1,0,1,0,0,0,1,0,1,1,1,0,1,0,0,0,0,1,1,0,0,1,0,1,0,1,0,1,0,1,0,0,0,0,1,0,0,0,1,1,1,0,0,0,1,1,0,0,1
372,0,1.0,0,0,-13.63,7,0,0,1,1,0,0,1,0,1,0,1,1,0,1,0,1,0,0,1,1,0,0,1,0,1,0,1,0,1,0,0,0,0,0,1,1,0,0,0,1,1,1,0,0,0,1,1,0,0,1
373,0,1.0,0,1,-13.63,7,0,0,1,0,1,1,0,1,0,0,1,1,0,0,1,0,1,1,0,1,0,0,1,0,0,1,0,1,1,0,0,0,1,0,1,1,0,0,0,1,1,1,0,0,0,1,1,0,0,1
374,0,0.0,0,1,-13.63,7,0,1,0,1,0,1,1,0,0,1,1,0,0,0,1,0,1,1,0,1,0,0,0,1,0,1,1,0,1,0,1,1,0,0,1,1,0,0,0,1,1,1,0,0,1,0,1,0,0,1
375,0,1.0,0,1,-13.63,7,1,0,0,0,1,1,0,1,0,1,1,0,1,0,1,1,0,1,0,1,0,0,1,0,0,1,0,1,1,0,1,0,1,0,1,1,0,0,0,1,1,1,0,0,1,0,1,0,0,0
376,1,1.0,1,0,-13.63,7,0,0,0,0,1,0,1,0,1,0,1,0,1,1,0,1,0,1,0,1,0,1,0,0,0,1,1,0,1,0,1,0,1,0,1,1,0,0,0,1,1,1,0,0,1,0,1,0,0,1
377,0,1.0,1,1,-15.48,2,0,0,1,1,0,1,1,0,0,1,0,0,0,0,1,0,1,1,0,0,1,0,0,1,1,0,0,1,0,1,1,1,0,1,0,1,1,0,0,1,1,1,0,0,0,1,1,0,1,0
378,1,1.0,1,1,-15.48,2,0,1,0,1,0,1,0,1,0,1,1,0,1,1,0,0,1,1,0,1,0,0,0,1,1,0,0,1,1,0,1,1,0,0,1,1,1,0,0,1,1,1,0,0,1,0,1,0,1,0
379,0,1.0,1,1,-17.030001,6,0,1,0,1,0,1,0,1,0,0,0,0,1,0,1,0,1,0,1,1,0,1,0,0,0,1,0,1,1,0,0,1,0,1,0,1,0,0,0,1,1,1,0,0,1,0,0,1,1,0
380,0,1.0,0,0,-17.030001,6,0,0,1,0,1,0,1,0,1,0,1,1,0,1,0,1,0,0,1,1,0,0,1,0,1,0,1,0,1,0,1,0,0,1,0,1,0,0,0,1,1,1,0,0,0,1,0,1,1,0
381,0,1.0,0,0,-17.030001,6,1,0,0,0,1,1,1,0,1,0,1,0,1,1,0,1,0,0,1,1,0,0,1,0,0,0,1,0,1,0,1,1,0,0,1,1,0,0,1,1,1,1,0,0,0,1,0,1,1,0
382,0,1.0,0,1,-17.030001,6,0,0,0,1,0,1,0,1,0,1,1,0,0,0,1,1,0,0,1,0,0,0,1,0,0,1,1,0,1,0,1,1,0,0,1,1,0,0,0,1,1,1,0,0,0,1,0,1,1,0
383,0,1.0,1,1,-17.030001,6,0,1,0,0,1,1,0,1,1,0,1,1,0,1,0,1,0,1,0,1,0,0,1,0,0,1,1,0,1,0,1,0,1,0,1,1,0,0,0,0,1,1,0,0,1,0,0,0,1,0
384,1,0.0,1,0,-17.030001,6,1,0,0,0,1,1,0,1,0,1,1,1,0,0,1,0,0,0,1,1,0,0,1,0,0,1,1,0,1,0,1,1,0,0,1,0,0,0,0,1,1,1,0,0,1,0,0,1,1,0
385,0,1.0,0,0,-31.959999,5,0,0,1,0,1,0,1,0,1,0,1,1,0,1,0,1,0,0,1,1,0,0,1,0,1,0,1,0,1,0,1,0,0,1,0,1,0,0,0,1,1,1,0,0,0,1,1,0,1,0
386,0,1.0,0,0,-31.959999,5,0,0,1,0,1,0,1,0,1,0,1,1,0,1,0,1,0,0,1,1,0,0,1,0,1,0,1,0,1,0,1,0,0,0,1,1,0,0,0,1,1,1,0,0,0,1,1,0,1,0
387,0,0.0,0,0,-31.959999,5,0,0,0,0,1,1,1,0,0,1,1,0,1,1,0,0,1,0,1,0,1,1,0,0,0,1,1,0,1,0,1,0,1,0,1,1,0,0,0,1,1,1,0,0,0,1,1,0,1,0
388,0,1.0,0,0,-49.009998,4,1,0,0,1,0,1,1,0,1,0,1,1,0,1,0,1,0,0,1,1,0,1,0,0,1,0,1,0,1,0,1,1,0,0,1,1,1,1,0,1,1,1,0,1,0,0,1,0,1,0
389,0,0.0,0,0,-49.009998,4,0,0,1,0,1,0,1,0,1,0,1,1,0,1,0,1,0,0,1,1,0,0,1,0,1,0,1,0,1,0,1,0,0,0,1,1,1,0,0,1,1,1,0,1,0,0,1,0,1,0
390,0,1.0,0,1,-54.009998,2,1,0,0,1,0,1,1,0,1,0,1,1,0,0,1,1,0,0,1,0,1,0,0,0,1,0,1,0,0,1,1,1,0,0,1,1,1,0,0,0,1,1,0,1,0,0,1,0,1,0
391,1,1.0,0,0,-54.009998,2,1,0,0,0,0,1,1,0,1,0,1,1,0,1,0,1,0,0,1,1,0,0,1,0,0,1,1,0,1,0,1,1,0,0,1,1,1,0,0,0,1,1,0,1,0,0,1,0,1,0
392,0,0.0,0,0,-39.130001,4,0,0,1,0,1,1,1,0,1,0,1,1,0,1,0,1,0,0,1,1,0,1,0,0,1,0,1,0,1,0,1,1,0,0,1,1,1,0,0,1,1,1,0,1,0,0,1,0,1,0
393,0,0.0,0,0,-39.130001,4,0,0,1,0,1,0,1,0,1,0,1,0,1,1,0,1,0,0,1,1,0,1,0,0,1,0,1,0,1,0,1,0,0,0,1,1,1,0,0,1,1,1,0,1,0,0,1,0,1,0
394,0,0.0,1,0,-17.18,6,1,0,0,0,1,0,0,1,0,0,0,1,0,0,1,0,1,0,1,1,0,1,0,0,1,0,1,0,0,1,1,1,0,1,0,1,0,0,0,1,1,1,0,1,0,0,1,0,1,0
395,0,1.0,0,0,-17.18,6,1,0,0,0,1,1,1,0,1,0,1,0,1,1,0,0,1,1,0,0,1,1,0,0,1,0,0,1,1,0,0,1,0,0,1,1,0,0,0,1,1,1,0,1,0,0,1,0,1,0
396,0,1.0,1,0,-17.18,6,0,0,1,0,1,0,1,0,1,0,1,1,0,1,0,1,0,0,1,0,1,0,1,0,1,0,1,0,0,1,1,0,1,0,1,1,0,0,0,1,1,1,0,1,0,0,1,0,1,0
397,0,0.0,0,0,-17.18,6,0,0,1,0,1,0,1,0,1,0,1,0,1,1,0,1,0,0,1,1,0,0,1,0,1,0,1,0,1,0,1,0,0,0,1,1,0,0,0,1,1,1,0,1,0,0,1,0,1,0
398,0,1.0,1,1,-21.68,7,0,0,0,1,0,1,0,1,0,1,1,0,1,0,1,0,1,1,0,0,1,0,0,1,0,1,0,1,1,0,0,0,1,1,0,0,0,0,0,1,1,1,0,1,0,0,1,0,1,0
399,0,1.0,0,1,-21.68,7,0,0,1,0,1,1,0,1,0,1,1,1,0,1,0,0,1,0,1,1,0,0,0,1,0,1,0,0,1,0,0,0,1,1,0,1,0,0,0,1,1,1,0,1,0,0,1,0,1,0
400,0,1.0,0,1,-21.68,7,0,1,0,0,1,1,0,0,0,1,1,0,1,0,1,0,1,1,0,1,0,0,0,1,0,1,0,1,1,0,0,0,1,1,0,0,0,0,0,1,1,1,0,1,0,0,1,0,1,0
401,0,1.0,1,1,-21.68,7,1,0,0,1,0,1,0,1,0,1,1,0,1,0,0,0,1,1,0,1,0,0,1,0,0,1,0,1,0,0,0,0,1,1,0,1,0,0,0,1,1,1,0,1,0,0,0,0,1,0
402,0,0.0,0,0,-21.68,7,0,0,0,0,1,1,1,0,1,0,1,0,0,0,1,0,1,0,1,1,0,0,0,1,1,0,1,0,1,0,1,1,0,0,1,1,0,1,0,1,1,1,0,1,0,0,1,0,1,0
403,0,0.0,0,0,-21.68,7,0,1,0,0,1,1,1,0,0,1,1,1,0,0,1,1,0,0,1,1,0,0,1,0,0,1,1,0,1,0,1,0,1,0,1,1,0,0,0,0,1,1,0,1,0,0,1,0,1,0
404,1,0.0,1,0,-21.68,7,0,0,0,1,0,1,0,1,0,1,0,1,0,0,1,0,1,1,0,0,1,0,0,1,0,1,0,1,1,0,0,0,1,1,0,1,0,0,1,0,1,1,0,1,0,0,1,0,1,0
405,0,0.0,0,0,-0.63,3,0,0,0,1,0,0,1,0,0,1,0,1,0,0,1,1,0,1,0,1,0,0,0,1,0,1,1,0,1,0,0,0,1,1,0,1,0,0,1,1,1,0,0,0,1,0,1,0,1,0
406,0,1.0,1,1,-0.63,3,0,0,1,1,0,1,0,1,0,1,0,0,1,0,1,0,1,1,0,0,1,0,0,0,0,1,0,1,0,1,0,0,1,1,0,0,0,0,1,1,1,1,0,0,1,0,1,0,1,0
407,1,1.0,1,1,-0.63,3,0,0,0,1,0,1,0,1,1,0,0,0,1,0,1,0,1,1,0,0,1,0,1,0,0,1,0,1,1,0,1,0,1,1,0,1,0,0,1,1,1,1,0,0,1,0,1,0,1,0
408,0,0.0,1,1,15.27,3,0,0,0,1,0,1,1,0,0,0,1,1,0,0,1,0,1,1,0,0,1,0,0,1,0,1,0,1,1,0,1,0,1,1,0,1,0,0,1,1,1,1,0,1,0,0,1,0,1,0
409,0,1.0,0,1,15.27,3,0,0,1,0,1,1,0,1,0,1,1,1,0,0,1,0,1,1,0,0,1,0,0,1,0,1,1,0,1,0,0,0,1,1,0,1,0,0,1,1,1,1,0,1,0,0,1,0,1,0
410,1,0.0,1,0,15.27,3,0,0,0,1,0,1,0,1,0,1,1,0,1,0,1,0,1,1,0,0,1,0,0,1,0,1,1,0,1,0,1,0,1,0,1,1,0,0,1,1,1,0,0,0,1,0,1,0,1,0
411,0,1.0,0,0,25.540001,10,0,0,0,0,1,0,1,0,1,0,1,1,0,0,1,1,0,0,1,0,1,0,1,0,0,1,1,0,1,0,1,1,0,1,0,0,0,0,1,1,1,1,0,1,0,0,1,0,1,0
412,0,1.0,0,0,25.540001,10,1,0,0,1,0,0,1,0,1,0,1,1,0,0,1,1,0,1,0,1,0,0,0,1,0,1,1,0,1,0,1,1,0,0,1,0,0,1,0,1,1,1,0,1,0,0,1,0,1,0
413,0,0.0,1,1,25.540001,10,0,0,0,1,0,1,0,1,0,1,1,0,1,0,1,0,1,1,0,0,1,0,0,1,0,1,1,0,0,1,0,1,0,1,0,1,0,0,1,1,1,1,0,1,0,0,1,0,1,0
414,0,0.0,1,1,25.540001,10,0,0,0,1,0,1,0,1,1,0,0,1,0,0,1,1,0,1,0,0,1,0,0,1,0,1,0,1,1,0,0,0,1,1,0,1,0,0,1,0,1,1,0,0,1,0,0,0,1,0
415,0,0.0,0,0,25.540001,10,0,1,0,1,0,0,0,1,1,0,1,1,0,0,1,1,0,1,0,1,0,0,1,0,1,0,1,0,1,0,1,1,0,1,0,1,0,1,0,1,1,1,0,0,1,0,1,0,1,0
416,0,0.0,0,1,25.540001,10,1,0,0,0,1,1,0,1,1,0,1,0,1,0,1,1,0,1,0,1,0,0,0,1,0,1,0,1,1,0,1,1,0,1,0,1,0,1,0,1,1,1,0,1,0,0,1,0,1,0
417,0,1.0,0,0,25.540001,10,1,0,0,1,0,0,0,1,0,1,0,1,0,0,1,1,0,1,0,0,1,0,0,1,0,1,0,1,1,0,1,0,1,1,0,1,0,0,1,1,1,1,0,1,0,0,1,0,1,0
418,0,1.0,1,1,25.540001,10,1,0,0,1,0,1,0,1,1,0,1,0,1,0,1,0,1,1,0,0,1,0,0,1,1,0,1,0,0,1,1,1,0,1,0,1,0,0,0,0,1,1,0,1,0,0,1,0,1,0
419,0,0.0,0,0,25.540001,10,1,0,0,1,0,0,1,0,0,0,0,1,0,1,0,1,0,0,1,0,1,0,1,0,1,0,1,0,1,0,1,0,0,0,1,1,0,1,0,1,1,1,0,1,0,0,1,0,1,0
420,1,0.0,1,1,25.540001,10,0,0,0,1,0,1,1,0,0,1,0,0,1,0,1,0,1,1,0,0,1,0,0,1,0,1,1,0,0,1,1,0,1,1,0,0,0,0,1,1,1,1,0,1,0,0,1,0,1,0
421,0,1.0,0,1,0.07,6,1,0,0,0,0,1,0,1,0,1,1,0,0,0,1,0,0,1,0,1,0,0,1,0,1,0,0,1,1,0,1,0,1,1,0,0,0,0,1,1,1,1,0,1,0,0,1,0,1,0
422,0,1.0,1,1,0.07,6,0,0,0,1,0,1,0,1,0,1,1,1,0,0,1,0,1,1,0,0,1,0,0,1,0,1,0,1,0,1,1,0,1,0,1,1,0,1,0,1,1,1,0,1,0,0,1,0,0,0
423,0,1.0,0,0,0.07,6,0,0,0,1,0,0,1,0,1,0,1,1,0,0,1,0,1,0,1,0,1,0,1,0,1,0,1,0,1,0,1,1,0,0,0,1,0,0,1,1,1,1,0,1,0,0,1,0,1,0
424,0,1.0,0,0,0.07,6,0,0,0,0,1,0,1,0,1,0,1,1,0,0,1,0,1,0,1,1,0,0,1,0,0,1,1,0,1,0,1,0,0,0,1,1,0,0,1,0,1,1,0,1,0,0,1,0,1,0
425,0,1.0,0,0,0.07,6,1,0,0,0,1,1,0,0,1,0,1,0,1,1,0,0,1,0,1,1,0,0,1,0,1,0,1,0,1,0,0,1,0,0,1,1,0,0,1,1,1,1,0,1,0,0,1,0,1,0
426,1,0.0,1,1,0.07,6,0,0,0,0,1,1,1,0,0,1,1,0,1,0,1,0,1,1,0,0,1,0,0,1,0,1,0,1,0,1,1,0,1,1,0,1,0,0,1,1,1,0,0,1,0,0,1,0,1,0
427,0,0.0,0,1,-32.029999,3,1,0,0,0,0,1,0,1,1,0,1,1,0,0,1,1,0,0,1,1,0,0,1,0,1,0,1,0,1,0,1,0,1,0,1,1,0,0,1,1,1,1,0,0,1,0,1,0,1,0
428,0,1.0,0,1,-32.029999,3,0,0,0,0,1,1,0,1,1,0,1,1,0,0,1,0,1,1,0,0,1,0,1,0,0,1,0,1,0,1,1,1,0,0,1,1,0,0,1,0,1,1,0,1,0,0,1,0,1,0
429,1,1.0,0,0,-32.029999,3,0,0,1,1,0,0,0,1,0,0,0,1,0,1,0,1,0,0,1,1,0,1,0,0,1,0,1,0,1,0,1,1,0,0,1,1,0,0,1,1,1,1,0,1,0,0,1,0,1,0
430,0,0.0,0,1,-10.86,4,0,1,0,0,1,1,0,1,0,1,1,0,0,1,0,0,1,0,0,0,1,0,0,1,0,1,1,0,1,0,1,0,1,1,0,0,0,1,0,1,1,0,0,1,0,0,1,0,1,0
431,0,1.0,0,0,-10.86,4,1,0,0,1,0,1,1,0,0,1,1,1,0,0,1,0,1,1,0,1,0,0,0,1,0,1,1,0,0,0,1,1,0,1,0,0,0,0,1,1,1,1,0,1,0,0,1,0,1,0
432,0,1.0,1,1,-10.86,4,0,0,0,1,0,1,1,0,1,0,1,1,0,1,0,0,1,1,0,1,0,0,0,1,1,0,1,0,1,0,1,1,0,1,0,1,0,1,0,0,1,1,0,1,0,0,1,0,1,0
433,1,1.0,1,1,-10.86,4,0,1,0,1,0,1,0,1,0,1,0,0,0,0,1,0,1,1,0,0,1,0,0,1,0,1,0,1,1,0,1,1,0,1,0,1,0,0,1,1,1,1,0,1,0,0,1,0,1,0
434,0,0.0,0,1,-36.009998,2,1,0,0,1,0,1,0,1,1,0,1,1,0,0,1,0,1,1,0,0,1,0,0,1,0,1,0,1,1,0,1,0,1,0,0,1,1,0,1,1,1,1,0,1,0,0,1,0,1,0
435,1,1.0,1,1,-36.009998,2,0,0,0,1,0,1,0,1,0,1,1,0,1,0,1,0,1,1,0,1,0,0,0,1,0,1,1,0,1,0,1,0,1,0,1,1,1,0,1,0,1,1,0,0,1,0,1,0,1,0
436,0,1.0,1,1,-28.709999,4,1,0,0,1,0,1,0,1,0,1,0,0,0,1,0,1,0,0,1,0,1,0,1,0,0,1,0,1,1,0,1,0,1,1,0,1,0,0,1,0,1,1,0,1,0,0,1,0,1,0
437,0,1.0,1,0,-28.709999,4,0,1,0,1,0,1,1,0,0,1,1,0,1,0,1,1,0,0,1,1,0,0,1,0,0,1,0,1,1,0,1,1,0,0,1,1,0,0,1,0,1,1,0,1,0,0,1,0,1,0
438,0,1.0,0,1,-28.709999,4,0,0,0,1,0,1,0,1,0,1,1,1,0,0,0,1,0,1,0,1,0,0,0,1,0,1,0,1,0,1,1,0,1,0,1,1,0,0,1,0,1,1,0,1,0,0,1,0,1,0
439,1,0.0,0,0,-28.709999,4,0,1,0,0,1,1,1,0,1,0,1,0,1,1,0,1,0,0,1,1,0,1,0,0,1,0,1,0,1,0,1,1,0,0,1,0,0,0,1,0,1,1,0,1,0,0,1,0,1,0
440,0,1.0,0,1,-41.73,2,1,0,0,0,1,1,0,1,0,0,0,0,0,1,0,1,0,1,0,1,0,1,0,0,1,0,0,1,1,0,0,0,0,0,0,1,1,0,1,0,1,1,0,1,0,0,1,0,1,0
441,1,0.0,0,1,-41.73,2,0,0,0,1,0,1,1,0,0,1,1,1,0,1,0,1,0,0,1,1,0,1,0,0,0,1,0,1,1,0,1,0,1,0,1,1,1,0,1,1,1,1,0,1,0,0,1,0,1,0
442,0,1.0,0,0,-18.73,3,0,0,0,0,1,1,1,0,0,1,0,0,1,1,0,1,0,0,1,1,0,0,0,1,0,1,1,0,1,0,1,1,0,1,0,0,0,0,0,0,1,1,0,1,0,0,1,0,1,0
443,0,1.0,0,1,-18.73,3,0,0,0,1,0,1,0,1,1,0,1,1,0,1,0,1,0,0,1,1,0,0,1,0,0,1,0,1,1,0,1,0,1,0,1,1,0,0,1,1,1,1,0,1,0,0,1,0,1,0
444,1,1.0,0,0,-18.73,3,0,0,1,0,1,0,1,0,1,0,1,1,0,1,0,1,0,0,1,1,0,0,1,0,1,0,1,0,1,0,1,1,0,0,1,1,0,0,0,1,1,1,0,1,0,0,1,0,1,0
445,0,0.0,0,0,-16.879999,2,1,0,0,1,0,0,1,0,1,0,1,1,0,0,1,0,1,1,0,0,1,1,0,0,1,0,1,0,1,0,1,1,0,0,1,1,1,1,0,1,1,1,0,1,0,0,1,0,1,0
446,1,1.0,1,0,-16.879999,2,0,0,0,1,0,1,0,1,1,0,1,1,0,0,1,1,0,1,0,0,1,1,0,0,0,1,0,1,1,0,0,1,0,1,0,1,1,0,1,0,1,1,0,1,0,0,1,0,1,0
447,0,1.0,0,0,-38.68,2,1,0,0,0,0,0,0,1,1,0,1,1,0,0,1,0,1,0,1,0,1,1,0,0,1,0,1,0,1,0,1,1,0,0,1,1,1,1,0,0,1,1,0,1,0,0,1,0,1,0
448,1,0.0,1,1,-38.68,2,0,1,0,1,0,1,0,1,0,1,0,0,1,0,1,0,1,1,0,0,1,0,1,0,0,1,0,1,0,1,1,0,1,1,0,0,1,0,1,1,1,1,0,1,0,0,0,0,1,0
449,0,1.0,0,0,-28.309999,5,0,0,0,1,0,1,0,1,0,1,1,0,1,0,1,0,1,1,0,1,0,1,0,0,0,1,1,0,1,0,0,1,0,1,0,1,0,0,1,1,1,1,0,1,0,0,1,0,1,0
450,0,1.0,1,1,-28.309999,5,0,0,1,0,1,1,1,0,1,0,1,0,1,0,1,0,1,0,1,0,1,0,0,0,0,1,1,0,0,1,1,1,0,0,1,1,0,0,1,1,1,1,0,1,0,0,1,0,1,0
451,0,1.0,0,0,-19.280001,4,0,0,1,0,1,0,1,0,1,0,1,1,0,1,0,1,0,0,1,1,0,0,1,0,1,0,1,0,1,0,1,0,0,0,1,1,0,1,0,1,1,1,0,1,0,0,1,0,1,0
452,0,1.0,1,1,-19.280001,4,1,0,0,0,1,1,0,1,0,1,1,0,1,0,1,0,1,1,0,0,1,0,0,1,0,1,0,1,1,0,0,0,1,0,1,0,0,0,1,1,1,1,0,1,0,0,1,0,1,0
453,0,1.0,0,0,-19.280001,4,1,0,0,1,0,0,1,0,1,0,1,1,0,0,1,1,0,0,1,1,0,0,0,0,0,1,1,0,0,1,1,1,0,0,1,1,0,1,0,1,1,1,0,0,0,1,1,0,1,0
454,1,1.0,0,0,-19.280001,4,0,0,0,1,0,0,1,0,1,0,1,1,0,1,0,1,0,0,1,1,0,0,1,0,1,0,1,0,1,0,1,0,0,0,1,1,0,0,1,1,0,1,0,0,1,0,1,0,1,0
455,0,1.0,0,0,-19.23,4,0,0,0,1,0,1,0,1,0,1,1,0,1,0,1,0,1,0,1,1,0,0,1,0,0,1,1,0,1,0,1,1,0,0,1,1,1,0,1,0,1,1,0,0,0,1,0,1,1,0
456,0,1.0,0,0,-19.23,4,0,0,0,1,0,1,1,0,0,1,1,1,0,0,1,1,0,0,1,1,0,0,0,1,0,1,1,0,1,0,1,1,0,0,1,1,1,0,1,1,1,1,0,0,1,0,0,1,1,0
457,0,1.0,0,1,-38.18,3,0,0,0,1,0,1,0,1,1,0,1,0,1,1,0,0,1,0,1,1,0,1,0,0,0,1,1,0,1,0,1,1,0,1,0,1,0,0,1,0,1,1,0,0,1,0,0,1,1,0
458,0,1.0,0,0,-38.18,3,0,0,1,0,1,0,1,0,1,0,1,1,0,1,0,1,0,0,1,1,0,0,1,0,1,0,1,0,1,0,1,0,0,0,1,1,0,0,0,0,1,1,0,0,0,1,0,1,1,0
459,1,0.0,0,0,-38.18,3,0,0,1,0,1,1,0,1,1,0,1,0,0,0,1,0,1,0,1,1,0,1,0,0,0,1,1,0,1,0,1,0,1,0,1,1,0,0,1,1,1,1,0,0,1,0,0,0,1,0
460,0,1.0,0,0,-41.48,3,1,0,0,0,1,1,0,1,0,0,0,1,0,1,0,1,0,0,1,1,0,1,0,0,1,0,1,0,1,0,1,1,0,0,0,0,0,0,1,1,1,1,0,1,0,0,1,0,1,0
461,0,1.0,0,1,-41.48,3,0,0,1,0,1,1,1,0,1,0,1,0,1,1,0,0,1,0,1,0,1,0,0,1,1,0,1,0,0,1,1,1,0,0,1,1,0,0,1,1,1,1,0,1,0,0,1,0,1,0
462,1,0.0,0,1,-41.48,3,0,1,0,1,0,1,1,0,1,0,1,1,0,1,0,1,0,0,1,1,0,0,1,0,1,0,1,0,1,0,1,1,0,0,1,1,0,0,1,1,1,1,0,1,0,0,1,0,1,0
463,0,1.0,0,0,-49.110001,4,0,0,1,0,1,0,1,0,1,0,1,1,0,1,0,1,0,0,1,1,0,0,1,0,1,0,1,0,1,0,1,0,0,0,1,1,0,0,0,0,1,1,0,0,0,1,1,0,1,0
464,0,1.0,0,0,-49.110001,4,0,0,1,0,1,0,1,0,1,0,1,1,0,1,0,1,0,0,1,1,0,0,1,0,1,0,1,0,1,0,1,0,0,0,1,1,0,0,0,0,1,1,0,0,0,1,1,0,1,0
465,0,0.0,0,0,-49.110001,4,0,1,0,1,0,1,0,1,0,1,1,0,1,0,1,0,1,0,1,1,0,0,1,0,1,0,1,0,1,0,1,1,0,0,1,1,0,0,1,1,1,1,0,0,0,1,1,0,1,0
466,1,0.0,0,0,-49.110001,4,0,0,0,1,0,1,0,1,0,1,1,1,0,1,0,1,0,0,1,1,0,1,0,0,1,0,1,0,1,0,1,1,0,0,1,1,0,0,1,0,1,1,0,0,1,0,1,0,1,0
467,0,1.0,0,0,-40.209999,2,1,0,0,0,1,1,1,0,1,0,1,1,0,1,0,1,0,0,1,1,0,0,0,0,1,0,1,0,1,0,0,1,0,0,1,1,1,0,1,1,1,1,0,0,0,1,1,0,1,0
468,1,1.0,1,1,-40.209999,2,0,0,1,1,0,1,0,1,0,0,0,1,0,0,1,1,0,1,0,0,1,0,0,1,0,1,0,1,0,1,1,1,0,0,1,1,1,0,1,1,1,1,0,0,1,0,1,0,1,0
469,0,1.0,0,0,-37.560001,2,0,0,1,0,1,1,1,0,0,1,1,0,1,0,1,0,1,1,0,0,1,0,0,1,0,1,0,1,1,0,1,0,1,0,1,1,1,0,1,1,1,1,0,1,0,0,1,0,1,0
470,1,0.0,0,0,-37.560001,2,0,1,0,1,0,0,1,0,1,0,1,1,0,1,0,1,0,0,1,1,0,0,1,0,1,0,1,0,1,0,1,1,0,0,1,1,1,1,0,1,1,1,0,1,0,0,1,0,1,0
471,0,1.0,0,0,-48.73,2,0,0,1,1,0,0,1,0,1,0,1,1,0,1,0,0,1,0,1,0,1,1,0,0,0,1,1,0,1,0,1,1,0,0,0,1,1,0,1,1,1,1,0,1,0,0,0,0,1,0
472,1,0.0,0,0,-48.73,2,0,0,0,0,1,1,1,0,0,0,1,0,0,1,0,1,0,0,1,1,0,0,1,0,1,0,1,0,1,0,1,0,0,0,1,1,1,1,0,1,1,1,0,1,0,0,0,1,1,0
473,0,1.0,1,1,-16.33,5,0,1,0,0,1,1,0,1,0,1,1,1,0,1,0,1,0,1,0,0,1,1,0,0,0,1,1,0,0,1,0,0,1,0,1,0,0,1,0,0,1,1,0,1,0,0,0,0,0,1
474,0,1.0,0,1,-16.33,5,1,0,0,1,0,1,1,0,1,0,1,0,1,1,0,1,0,1,0,1,0,0,0,1,0,1,1,0,1,0,1,1,0,1,0,1,0,1,0,1,1,1,0,1,0,0,0,1,0,1
475,0,0.0,1,1,-16.33,5,0,1,0,1,0,1,1,0,1,0,1,1,0,0,1,0,1,1,0,1,0,0,0,1,0,1,1,0,1,0,1,1,0,0,1,1,0,1,0,1,1,1,0,1,0,0,0,1,0,1
476,1,1.0,1,0,-16.33,5,0,0,0,1,0,1,0,1,1,0,0,1,0,0,1,0,1,1,0,1,0,1,0,0,0,1,1,0,1,0,1,1,0,0,1,0,0,0,1,1,1,1,0,1,0,0,0,1,0,1
477,0,1.0,1,0,-20.709999,4,0,0,1,1,0,1,1,0,0,0,0,0,0,0,1,0,1,1,0,1,0,1,0,0,0,1,1,0,1,0,1,0,0,0,0,1,1,0,1,1,1,1,0,0,1,0,1,0,0,1
478,0,1.0,0,1,-20.709999,4,0,0,1,0,1,1,0,0,1,0,1,1,0,1,0,0,1,0,1,0,1,1,0,0,0,1,1,0,1,0,1,0,1,0,1,1,1,1,0,1,1,1,0,0,0,1,1,0,0,1
479,0,1.0,1,0,-55.029999,2,0,1,0,1,0,0,1,0,0,1,1,0,1,0,1,0,1,0,1,1,0,0,0,1,0,1,1,0,1,0,1,1,0,1,0,1,1,0,1,1,1,1,0,1,0,0,1,0,1,0
480,1,0.0,1,0,-55.029999,2,0,0,1,0,1,1,1,0,1,0,1,0,1,0,1,0,1,0,1,1,0,1,0,0,1,0,1,0,1,0,1,0,1,0,1,1,1,0,1,1,1,1,0,1,0,0,1,0,1,0
481,0,1.0,1,1,-16.030001,5,0,0,0,0,1,1,0,1,0,1,0,0,1,1,0,0,1,0,1,1,0,0,1,0,1,0,0,1,1,0,1,0,1,0,0,1,0,0,1,1,1,1,0,1,0,0,0,0,1,0
482,0,1.0,1,1,-16.030001,5,0,0,0,1,0,1,0,1,1,0,1,0,0,1,0,0,1,1,0,0,1,0,0,1,0,1,0,1,0,1,1,0,1,1,0,0,0,0,1,1,1,1,0,1,0,0,0,1,1,0
483,0,1.0,0,0,-16.030001,5,0,0,1,1,0,1,1,0,1,0,1,1,0,1,0,0,1,1,0,1,0,1,0,0,1,0,1,0,1,0,1,1,0,0,1,1,0,0,1,1,1,1,0,1,0,0,0,1,1,0
484,0,1.0,1,0,-6.8099999,7,0,0,0,1,0,0,0,1,0,1,1,0,1,0,1,0,1,1,0,1,0,0,0,1,0,1,1,0,1,0,1,1,0,1,0,0,0,0,1,1,1,0,1,1,0,0,0,1,0,1
485,0,1.0,1,1,-6.8099999,7,0,0,0,1,0,1,1,0,0,1,1,1,0,0,1,0,1,1,0,1,0,0,0,1,0,1,0,1,1,0,1,0,1,1,0,0,0,0,1,0,1,0,1,1,0,0,0,1,0,1
486,0,1.0,1,1,-6.8099999,7,1,0,0,0,1,1,1,0,1,0,1,1,0,1,0,0,1,0,1,0,1,0,1,0,1,0,0,1,1,0,1,1,0,1,0,0,0,1,0,1,1,0,1,1,0,0,0,1,0,1
487,0,1.0,1,0,-6.8099999,7,0,0,0,1,0,1,1,0,0,1,1,0,1,0,1,0,1,1,0,1,0,1,0,0,0,1,0,1,1,0,1,0,1,1,0,1,0,0,1,1,1,0,1,1,0,0,0,1,0,1
488,0,1.0,1,0,-6.8099999,7,1,0,0,0,0,1,0,1,0,1,1,0,1,0,1,0,1,1,0,0,1,0,0,1,0,1,0,1,0,1,1,1,0,1,0,1,0,1,0,1,1,0,1,1,0,0,0,1,0,1
489,0,0.0,1,1,-14.43,6,0,0,0,1,0,1,1,0,0,1,1,1,0,0,1,0,1,1,0,0,1,0,0,1,0,1,0,1,1,0,0,0,1,1,0,1,0,0,1,1,1,1,0,1,0,0,1,0,1,0
490,0,1.0,0,1,-14.43,6,1,0,0,0,0,1,1,0,0,0,0,1,0,1,0,1,0,1,0,0,1,1,0,0,0,1,0,1,1,0,1,0,1,1,0,0,0,0,1,0,1,1,0,1,0,0,1,0,1,0
491,0,1.0,0,1,-14.43,6,0,0,0,0,1,1,1,0,0,1,1,1,0,1,0,0,1,1,0,1,0,0,1,0,0,1,0,1,0,1,1,0,1,1,0,1,0,0,1,1,1,1,0,1,0,0,1,0,1,0
492,0,0.0,1,1,-14.43,6,0,0,0,1,0,1,1,0,1,0,0,0,1,0,1,0,1,1,0,1,0,0,1,0,0,1,0,1,0,1,1,0,1,0,1,1,0,0,1,0,1,1,0,1,0,0,1,0,1,0
493,0,1.0,0,0,-61.459999,2,0,0,1,0,1,0,1,0,0,1,1,0,1,0,1,1,0,0,1,0,1,1,0,0,0,1,1,0,0,1,1,0,1,0,1,1,1,0,1,1,1,1,0,1,0,0,1,0,1,0
494,1,0.0,0,0,-61.459999,2,0,1,0,0,1,1,1,0,1,0,1,1,0,0,1,0,0,0,1,1,0,1,0,0,0,1,1,0,1,0,1,1,0,0,1,1,1,0,1,1,1,1,0,1,0,0,1,0,1,0
495,0,1.0,0,0,-22.33,2,0,0,0,1,0,1,1,0,1,0,1,1,0,1,0,0,0,0,0,0,0,1,0,0,0,0,1,0,1,0,1,0,0,0,1,1,1,1,0,1,1,1,0,1,0,0,0,1,0,1
496,1,0.0,1,1,-22.33,2,0,0,1,0,1,1,0,1,1,0,1,1,0,1,0,0,1,1,0,0,1,0,1,0,1,0,0,1,1,0,1,0,1,0,1,1,1,1,0,1,1,1,0,1,0,0,0,0,0,0
497,0,0.0,0,0,35.419998,6,0,1,0,1,0,0,1,0,1,0,1,1,0,1,0,0,1,0,1,1,0,0,1,0,0,1,1,0,1,0,1,0,0,1,0,0,0,1,0,1,1,0,1,1,0,0,0,1,1,0
498,0,1.0,0,0,35.419998,6,1,0,0,0,1,0,1,0,0,1,1,1,0,1,0,0,0,0,1,0,1,0,1,0,1,0,1,0,1,0,0,1,0,0,1,1,0,1,0,1,1,0,1,1,0,0,0,1,1,0
499,0,1.0,0,0,35.419998,6,0,0,0,1,0,1,1,0,1,0,1,0,1,1,0,0,0,0,1,1,0,0,1,0,1,0,1,0,1,0,0,1,0,0,1,1,0,1,0,1,1,0,1,1,0,0,0,1,1,0
500,0,0.0,0,0,35.419998,6,1,0,0,0,1,0,1,0,1,0,1,1,0,1,0,1,0,0,1,1,0,0,1,0,1,0,1,0,1,0,1,1,0,0,1,1,0,1,0,1,1,0,1,1,0,0,0,1,1,0
501,0,0.0,0,0,35.419998,6,0,0,0,0,1,1,1,0,1,0,1,0,1,1,0,0,1,0,1,1,0,1,0,0,1,0,1,0,1,0,0,1,0,0,1,1,0,0,1,1,1,0,1,1,0,0,0,1,1,0
502,1,0.0,0,1,35.419998,6,0,0,0,1,0,1,0,1,0,1,1,1,0,0,1,0,1,1,0,1,0,1,0,0,1,0,0,1,1,0,1,0,1,1,0,1,0,1,0,1,1,0,0,1,0,0,0,0,1,0
503,0,1.0,0,1,-21.33,2,0,1,0,0,1,1,0,1,1,0,1,1,0,1,0,0,1,1,0,1,0,0,0,1,1,0,0,1,0,1,1,1,0,0,1,1,1,0,1,0,1,1,0,1,0,0,0,0,1,0
504,1,1.0,0,1,-21.33,2,1,0,0,0,1,1,1,0,0,1,1,0,1,1,0,0,1,0,1,1,0,0,0,1,0,1,1,0,1,0,1,1,0,0,1,1,1,0,1,1,1,1,0,1,0,0,0,1,1,0
505,0,1.0,1,1,-15.51,4,0,0,1,1,0,1,0,1,0,1,1,0,1,0,1,0,0,1,0,1,0,0,1,0,0,1,1,0,1,0,1,0,1,1,0,1,1,0,1,1,1,1,0,1,0,0,0,1,0,1
506,0,1.0,1,1,-15.51,4,1,0,0,1,0,1,0,1,0,1,1,1,0,0,1,0,1,1,0,0,1,1,0,0,0,1,0,1,1,0,0,0,1,1,0,0,1,0,1,1,1,1,0,1,0,0,0,0,0,0
507,0,1.0,0,1,-14.81,5,1,0,0,0,1,1,0,1,0,1,1,1,0,1,0,1,0,0,1,0,1,0,1,0,0,1,1,0,0,1,1,0,1,1,0,1,0,1,0,1,1,1,0,1,0,0,0,0,0,1
508,0,0.0,0,0,-14.81,5,0,1,0,0,1,1,1,0,1,0,1,0,1,0,1,0,0,0,1,1,0,1,0,0,1,0,1,0,1,0,1,0,0,0,1,1,0,1,0,1,1,1,0,1,0,0,0,1,0,1
509,0,1.0,0,0,-14.81,5,0,0,0,0,1,1,0,0,1,0,1,1,0,0,1,0,0,0,1,1,0,0,0,1,1,0,1,0,1,0,1,1,0,0,1,1,0,1,0,1,1,1,0,1,0,0,0,1,0,1
510,0,0.0,0,0,-0.63,5,1,0,0,1,0,0,1,0,1,0,1,0,1,1,0,0,1,1,0,1,0,0,1,0,1,0,1,0,1,0,1,1,0,1,0,0,0,1,0,1,1,0,1,1,0,0,0,1,0,1
511,0,1.0,0,1,-0.63,5,0,0,0,1,0,1,1,0,1,0,1,1,0,1,0,0,1,0,1,1,0,1,0,0,1,0,0,1,1,0,1,0,0,1,0,1,0,1,0,1,1,0,1,1,0,0,0,1,0,1
512,0,0.0,0,0,-0.63,5,0,0,1,0,1,0,1,0,1,0,1,1,0,1,0,1,0,0,1,1,0,0,1,0,1,0,1,0,1,0,1,0,0,0,1,1,0,1,0,1,1,0,1,1,0,0,0,1,0,1
513,0,1.0,0,0,-12.78,4,0,0,0,1,0,1,1,0,1,0,1,1,0,1,0,1,0,0,1,1,0,0,1,0,1,0,1,0,1,0,1,0,0,1,0,1,0,0,1,1,1,1,0,1,0,0,1,0,1,0
514,0,1.0,1,1,-12.78,4,0,0,1,1,0,1,1,0,0,1,1,0,0,0,1,0,1,1,0,1,0,1,0,0,1,0,0,1,1,0,1,1,0,0,1,1,0,0,1,1,1,1,0,1,0,0,1,0,1,0
515,0,1.0,0,1,-12.78,4,0,0,0,1,0,1,1,0,0,0,0,0,0,0,1,0,0,1,0,0,1,0,0,1,0,1,1,0,0,1,1,1,0,0,1,1,0,0,1,0,1,1,0,1,0,0,1,0,1,0
516,1,0.0,1,1,-12.78,4,1,0,0,0,1,1,0,1,0,1,1,0,1,1,0,0,1,1,0,1,0,0,1,0,1,0,1,0,1,0,1,1,0,0,0,0,0,0,1,1,1,1,0,0,1,0,1,0,1,0
517,0,0.0,1,1,-19.23,5,1,0,0,1,0,1,0,1,0,1,1,0,1,0,1,0,1,1,0,0,1,1,0,0,0,1,0,1,0,1,1,0,1,1,0,0,0,0,1,1,1,1,0,1,0,0,0,1,1,0
518,0,1.0,0,1,-19.23,5,1,0,0,1,0,1,0,1,0,1,1,0,1,0,1,0,1,1,0,0,1,0,1,0,0,1,1,0,1,0,1,1,0,1,0,0,0,0,1,1,1,1,0,1,0,0,0,1,1,0
519,0,1.0,1,1,-19.23,5,1,0,0,0,1,1,0,1,1,0,1,1,0,0,1,0,1,1,0,0,1,0,0,1,0,1,0,1,0,1,1,1,0,0,1,1,0,1,0,1,1,1,0,1,0,0,0,1,1,0
520,0,1.0,1,1,-31.629999,2,0,0,0,1,0,1,1,0,0,1,1,1,0,1,0,0,1,1,0,0,1,0,1,0,1,0,1,0,1,0,1,0,1,1,0,1,1,0,1,1,1,1,0,1,0,0,0,1,0,1
521,1,0.0,1,1,-31.629999,2,0,0,1,0,1,1,0,1,0,1,1,0,1,0,1,0,1,1,0,0,1,0,1,0,0,1,0,1,0,1,0,0,1,1,0,0,1,0,1,1,1,1,0,1,0,0,0,0,0,0
522,0,0.0,0,1,-25.809999,4,0,0,1,0,1,1,1,0,0,1,1,0,1,0,0,0,0,1,0,1,0,1,0,0,1,0,0,1,1,0,1,0,1,1,0,0,1,0,1,1,1,1,0,1,0,0,1,0,1,0
523,0,1.0,0,0,-25.809999,4,1,0,0,1,0,0,1,0,1,0,1,1,0,1,0,1,0,0,1,1,0,0,1,0,1,0,1,0,1,0,1,1,0,0,1,1,1,1,0,1,1,1,0,1,0,0,1,0,1,0
524,0,1.0,0,1,39.970001,7,0,0,1,0,1,1,0,1,0,1,0,1,0,1,0,0,1,0,1,1,0,0,0,1,0,1,1,0,1,0,1,0,1,1,0,0,0,1,0,1,1,0,1,1,0,0,0,1,1,0
525,0,1.0,1,0,39.970001,7,0,0,0,0,1,0,1,0,1,0,0,1,0,1,0,0,1,1,0,1,0,1,0,0,1,0,1,0,1,0,1,1,0,1,0,0,0,1,0,1,1,0,1,1,0,0,0,1,1,0
526,0,1.0,0,1,39.970001,7,1,0,0,0,1,1,1,0,0,1,1,1,0,1,0,0,1,0,1,1,0,1,0,0,0,1,1,0,1,0,1,1,0,0,1,0,0,1,0,1,1,0,1,1,0,0,0,0,0,0
527,0,1.0,0,0,39.970001,7,0,0,0,1,0,0,1,0,1,0,1,1,0,0,1,1,0,0,1,1,0,0,0,1,1,0,0,0,1,0,1,1,0,0,1,1,0,1,0,1,1,0,1,1,0,0,0,1,1,0
528,0,1.0,0,0,39.970001,7,0,0,0,1,0,1,1,0,1,0,1,1,0,0,0,0,1,0,1,0,0,0,1,0,0,0,1,0,1,0,1,1,0,0,1,1,0,1,0,1,1,0,1,1,0,0,0,1,1,0
529,0,0.0,0,0,39.970001,7,0,0,1,1,0,0,1,0,1,0,1,1,0,1,0,1,0,0,1,1,0,0,1,0,1,0,1,0,1,0,1,1,0,0,1,1,0,1,0,1,1,0,1,1,0,0,0,1,0,1
530,1,0.0,0,0,39.970001,7,0,0,0,0,1,1,1,0,0,1,1,1,0,1,0,0,1,1,0,1,0,1,0,0,1,0,0,1,1,0,1,1,0,1,0,1,0,1,0,1,1,0,0,1,0,0,0,1,1,0
531,0,1.0,0,1,-17.379999,4,1,0,0,1,0,1,1,0,1,0,1,1,0,0,1,0,1,0,1,1,0,0,0,1,0,1,1,0,1,0,0,1,0,1,0,0,1,0,1,1,1,1,0,0,0,1,0,1,1,0
532,0,1.0,1,1,-17.379999,4,0,1,0,1,0,1,0,1,0,1,0,0,1,0,1,0,1,1,0,0,1,0,0,1,0,1,0,1,0,1,0,0,1,1,0,1,1,0,1,0,1,1,0,0,0,1,0,1,1,0
533,0,1.0,0,1,-4.98,7,0,1,0,1,0,1,0,1,0,1,0,1,0,1,0,0,1,0,1,1,0,0,1,0,0,1,0,1,1,0,1,0,1,1,0,0,0,0,1,0,0,0,1,0,0,1,1,0,1,0
534,0,1.0,0,0,-4.98,7,0,0,1,0,1,1,1,0,0,1,0,1,0,0,1,0,1,1,0,1,0,1,0,0,0,1,1,0,1,0,1,1,0,1,0,0,0,0,1,1,0,0,1,0,0,1,1,0,1,0
535,0,1.0,1,1,-4.98,7,0,0,0,1,0,1,0,1,0,1,1,1,0,0,1,0,1,1,0,0,1,0,0,1,1,0,1,0,1,0,0,1,0,1,0,0,0,0,1,1,0,0,1,0,1,0,1,0,1,0
536,0,1.0,0,1,-4.98,7,0,0,0,1,0,1,0,1,0,1,1,0,1,0,1,0,1,1,0,1,0,0,0,0,0,1,0,1,1,0,1,0,1,1,0,0,0,1,0,1,0,0,1,0,0,1,1,0,1,0
537,0,1.0,0,1,-4.98,7,0,0,1,1,0,1,1,0,0,0,1,1,0,1,0,0,1,0,0,0,1,0,0,0,1,0,0,1,0,0,1,0,0,1,0,1,0,0,1,1,0,0,1,0,0,1,1,0,1,0
538,0,1.0,0,0,-49.509998,2,0,0,0,1,0,1,0,1,0,1,0,0,1,1,0,0,1,0,1,1,0,1,0,0,0,1,1,0,0,1,1,1,0,1,0,1,1,0,1,0,1,1,0,1,0,0,0,1,1,0
539,1,0.0,1,1,-49.509998,2,0,0,1,1,0,1,0,1,0,1,1,0,1,0,1,0,1,1,0,0,1,0,1,0,0,1,1,0,1,0,1,1,0,1,0,1,1,0,1,1,1,1,0,1,0,0,0,0,1,0
540,0,1.0,0,1,-37.259998,2,0,1,0,1,0,1,0,1,0,0,1,1,0,0,1,0,1,0,1,1,0,0,1,0,1,0,1,0,1,0,1,1,0,0,1,1,1,0,1,1,1,1,0,1,0,0,1,0,1,0
541,1,1.0,1,1,-37.259998,2,0,1,0,0,1,1,1,0,0,1,1,1,0,0,1,0,1,0,1,1,0,0,1,0,1,0,0,1,0,1,1,0,1,1,0,1,1,1,0,1,1,1,0,1,0,0,1,0,1,0
542,0,1.0,0,1,-14.81,3,0,1,0,1,0,1,0,1,0,1,1,1,0,0,1,0,1,1,0,1,0,0,1,0,0,1,0,1,1,0,1,0,1,1,0,1,0,0,1,0,1,1,0,0,1,0,0,1,1,0
543,0,1.0,1,1,-14.81,3,0,0,1,1,0,1,0,1,0,1,0,1,0,0,1,0,1,1,0,0,1,0,0,1,0,1,0,1,0,1,1,0,1,1,0,1,0,1,0,1,1,1,0,0,0,1,0,0,1,0
544,1,0.0,1,0,-14.81,3,0,1,0,1,0,1,1,0,0,0,0,0,0,0,1,0,1,1,0,1,0,1,0,0,0,1,1,0,1,0,1,1,0,1,0,0,0,1,0,1,1,1,0,0,1,0,0,1,1,0
545,0,0.0,1,0,-5.6599998,2,1,0,0,1,0,0,0,1,0,1,1,1,0,0,1,0,1,1,0,1,0,1,0,0,0,1,1,0,1,0,0,0,1,1,0,1,1,0,1,1,0,0,1,0,1,0,1,0,1,0
546,1,0.0,0,0,-5.6599998,2,0,1,0,1,0,1,0,1,1,0,1,0,1,0,1,1,0,1,0,1,0,1,0,0,1,0,0,1,1,0,0,1,0,1,0,1,1,0,1,0,0,0,0,0,1,0,1,0,1,0
547,0,1.0,1,0,-25.959999,4,0,1,0,1,0,1,0,0,1,0,1,1,0,0,1,0,1,0,1,1,0,0,1,0,0,1,1,0,1,0,1,1,0,1,0,1,0,0,1,0,1,1,0,0,0,1,0,1,1,0
548,0,0.0,0,0,-25.959999,4,0,0,1,0,1,0,1,0,1,0,1,1,0,0,1,1,0,0,1,1,0,1,0,0,0,1,1,0,1,0,1,0,1,0,1,1,0,0,1,1,1,1,0,0,0,1,0,1,1,0
549,0,1.0,0,0,-25.959999,4,1,0,0,1,0,1,0,1,0,0,1,1,0,0,1,0,1,1,0,1,0,0,0,1,0,1,1,0,1,0,0,0,0,0,1,1,0,0,1,0,1,1,0,0,0,1,0,1,1,0
550,1,0.0,1,0,-25.959999,4,1,0,0,1,0,0,1,0,1,0,1,1,0,0,1,0,1,1,0,1,0,0,1,0,0,0,1,0,1,0,1,0,1,1,0,1,0,0,1,1,1,1,0,0,1,0,0,0,1,0
551,0,1.0,1,0,-10.03,2,1,0,0,1,0,1,0,1,0,1,1,1,0,0,1,1,0,1,0,0,1,0,1,0,0,1,1,0,0,1,1,0,1,1,0,0,1,0,1,1,1,0,1,0,1,0,1,0,1,0
552,1,0.0,0,0,-10.03,2,0,1,0,1,0,0,1,0,0,1,0,0,1,0,1,1,0,1,0,1,0,1,0,0,0,1,1,0,1,0,1,1,0,1,0,1,1,0,1,1,1,0,0,0,1,0,1,0,1,0
553,0,1.0,1,1,-40.709999,2,0,1,0,0,1,1,0,1,0,1,0,0,1,0,1,1,0,1,0,0,1,0,0,0,0,1,1,0,0,1,1,0,1,0,1,1,1,0,1,1,1,1,0,1,0,0,0,1,1,0
554,1,1.0,0,1,-40.709999,2,0,0,1,0,1,1,1,0,0,1,1,0,1,0,1,1,0,1,0,0,1,0,1,0,0,1,1,0,1,0,1,1,0,1,0,1,1,0,1,1,1,1,0,1,0,0,0,0,1,0
555,0,0.0,1,0,4.6900001,6,1,0,0,0,1,1,0,1,0,1,1,1,0,0,1,0,1,1,0,0,1,1,0,0,0,1,0,1,1,0,1,1,0,1,0,1,0,0,1,1,1,1,0,0,1,0,0,1,1,0
556,0,0.0,1,0,4.6900001,6,0,1,0,1,0,0,0,1,0,0,1,1,0,0,1,0,1,1,0,1,0,0,0,1,0,1,0,1,1,0,0,1,0,1,0,0,0,0,1,1,1,1,0,0,1,0,0,1,1,0
557,0,1.0,0,0,4.6900001,6,0,0,0,1,0,0,0,1,0,0,0,1,0,0,1,0,1,0,1,1,0,1,0,0,0,1,1,0,1,0,1,0,1,1,0,1,0,0,1,1,1,1,0,0,1,0,0,1,1,0
558,0,0.0,1,0,4.6900001,6,0,0,0,1,0,1,0,1,1,0,1,1,0,1,0,0,1,0,1,0,1,0,1,0,0,1,1,0,1,0,1,1,0,1,0,1,0,0,1,0,1,1,0,0,1,0,0,0,1,0
559,0,1.0,1,1,4.6900001,6,1,0,0,1,0,1,1,0,1,0,0,0,1,0,1,0,1,1,0,1,0,1,0,0,0,1,0,1,1,0,0,0,1,1,0,1,0,0,1,1,1,1,0,0,1,0,0,1,1,0
560,1,0.0,1,0,4.6900001,6,0,0,0,1,0,1,0,1,1,0,1,1,0,0,1,0,1,1,0,0,1,0,0,0,0,1,1,0,1,0,1,1,0,1,0,1,0,0,1,1,1,1,0,0,1,0,0,1,1,0
561,0,0.0,1,1,-8.5100002,4,1,0,0,1,0,1,0,1,0,1,1,1,0,0,1,0,1,0,1,0,1,0,1,0,0,1,0,1,0,1,0,0,1,0,1,1,0,0,1,0,1,0,1,0,0,1,0,0,0,0
562,0,1.0,0,0,-8.5100002,4,0,0,0,1,0,0,1,0,0,0,1,1,0,1,0,1,0,0,1,0,0,0,1,0,1,0,1,0,1,0,1,1,0,0,1,1,0,0,1,0,1,0,1,0,0,1,0,1,0,1
563,0,1.0,1,1,-8.5100002,4,0,0,0,0,1,1,0,1,0,1,1,0,1,0,1,0,1,0,1,1,0,1,0,0,0,1,0,1,0,1,0,0,1,0,1,1,0,0,1,1,1,0,1,0,0,1,0,1,0,1
564,1,0.0,1,0,-8.5100002,4,0,1,0,1,0,0,1,0,0,1,1,0,1,0,1,0,1,1,0,0,1,0,1,0,0,1,0,1,0,1,0,1,0,1,0,0,0,0,1,1,1,0,0,0,1,0,0,1,0,1
565,0,0.0,1,0,0.12,4,0,0,0,0,1,0,0,1,0,1,1,0,0,0,1,0,1,1,0,1,0,0,0,1,0,1,0,1,1,0,1,1,0,1,0,1,0,0,1,0,1,0,1,0,1,0,0,1,1,0
566,0,1.0,1,1,0.12,4,0,0,1,0,1,1,0,1,0,1,1,1,0,1,0,1,0,1,0,1,0,0,1,0,1,0,1,0,1,0,1,1,0,1,0,1,0,0,1,1,1,0,1,0,0,1,0,1,1,0
567,0,1.0,0,1,0.12,4,0,0,0,1,0,1,0,1,0,1,1,1,0,0,1,0,1,0,1,0,1,1,0,0,0,1,0,1,1,0,1,0,1,1,0,1,0,0,1,1,1,0,1,0,1,0,0,0,1,0
568,1,0.0,0,0,0.12,4,0,0,0,1,0,1,0,1,0,1,1,0,1,0,1,0,1,1,0,1,0,0,1,0,0,1,0,1,1,0,1,1,0,1,0,1,0,0,1,0,1,0,0,0,1,0,0,1,1,0
569,0,1.0,0,0,-40.41,3,0,0,0,1,0,0,1,0,1,0,1,1,0,1,0,1,0,0,1,1,0,0,1,0,1,0,1,0,1,0,1,0,0,0,1,1,0,0,1,1,1,1,0,1,0,0,1,0,1,0
570,0,1.0,0,0,-40.41,3,0,0,1,0,1,0,1,0,1,0,1,1,0,1,0,1,0,0,1,1,0,0,1,0,1,0,1,0,1,0,1,0,0,0,1,1,0,0,1,0,1,1,0,1,0,0,1,0,1,0
571,1,0.0,0,0,-40.41,3,0,0,0,1,0,1,1,0,1,0,1,1,0,1,0,1,0,0,1,1,0,0,0,1,1,0,0,1,0,1,1,1,0,0,1,1,0,0,1,1,1,1,0,1,0,0,1,0,1,0
572,0,1.0,0,0,-35.330002,2,0,1,0,1,0,1,1,0,0,1,1,1,0,1,0,1,0,0,1,1,0,1,0,0,1,0,1,0,1,0,1,1,0,0,1,1,1,0,1,1,1,1,0,1,0,0,1,0,1,0
573,1,0.0,0,0,-35.330002,2,1,0,0,0,1,0,1,0,1,0,1,1,0,1,0,1,0,0,1,1,0,0,1,0,1,0,1,0,1,0,1,0,0,0,1,1,1,0,1,1,1,1,0,1,0,0,1,0,1,0
574,0,1.0,0,0,-47.48,4,0,0,1,1,0,0,1,0,1,0,1,0,1,1,0,0,0,0,1,1,0,0,1,0,1,0,1,0,0,1,0,1,0,0,0,1,0,0,1,1,1,1,0,1,0,0,1,0,1,0
575,0,0.0,0,0,-47.48,4,1,0,0,0,1,0,1,0,1,0,1,0,1,1,0,1,0,0,1,1,0,0,1,0,1,0,1,0,1,0,1,1,0,0,1,1,0,0,1,1,1,1,0,1,0,0,1,0,1,0
576,0,1.0,0,0,-47.48,4,0,1,0,1,0,0,1,0,1,0,1,0,1,1,0,1,0,0,1,1,0,1,0,0,1,0,1,0,0,1,1,1,0,0,1,1,0,0,1,1,1,1,0,1,0,0,1,0,1,0
577,1,1.0,0,0,-47.48,4,1,0,0,1,0,1,1,0,1,0,1,0,1,1,0,0,1,0,1,1,0,0,0,1,1,0,0,1,0,1,0,1,0,0,1,1,0,1,0,1,1,1,0,1,0,0,1,0,1,0
